2021-07-01 19:01:04,0
﻿2021-07-01 19:01:10,0
﻿2021-07-01 19:01:16,0.49
﻿2021-07-01 19:01:22,0
﻿2021-07-01 19:01:28,0
﻿2021-07-01 19:01:34,0
﻿2021-07-01 19:01:40,0
﻿2021-07-01 19:01:46,0
﻿2021-07-01 19:01:52,0
﻿2021-07-01 19:01:58,0
﻿2021-07-01 19:02:04,0
﻿2021-07-01 19:02:10,0
﻿2021-07-01 19:02:16,0
﻿2021-07-01 19:02:22,0
﻿2021-07-01 19:02:28,0
﻿2021-07-01 19:02:34,0
﻿2021-07-01 19:02:40,0
﻿2021-07-01 19:02:46,0
﻿2021-07-01 19:02:52,0
﻿2021-07-01 19:02:58,0
﻿2021-07-01 19:03:04,0
﻿2021-07-01 19:03:10,0
﻿2021-07-01 19:03:16,0
﻿2021-07-01 19:03:22,0
﻿2021-07-01 19:03:28,0
﻿2021-07-01 19:03:34,0
﻿2021-07-01 19:03:40,0.24
﻿2021-07-01 19:03:46,0
﻿2021-07-01 19:03:52,0
﻿2021-07-01 19:03:58,0
﻿2021-07-01 19:04:04,0
﻿2021-07-01 19:04:10,0
﻿2021-07-01 19:04:16,0
﻿2021-07-01 19:04:22,0
﻿2021-07-01 19:04:28,0
﻿2021-07-01 19:04:34,0.24
﻿2021-07-01 19:04:40,0
﻿2021-07-01 19:04:46,0
﻿2021-07-01 19:04:52,0
﻿2021-07-01 19:04:58,0
﻿2021-07-01 19:05:04,0
﻿2021-07-01 19:05:10,0
﻿2021-07-01 19:05:16,0
﻿2021-07-01 19:05:22,0
﻿2021-07-01 19:05:28,0.24
﻿2021-07-01 19:05:34,0
﻿2021-07-01 19:05:40,0
﻿2021-07-01 19:05:46,0
﻿2021-07-01 19:05:52,0
﻿2021-07-01 19:05:58,0.24
﻿2021-07-01 19:06:04,0
﻿2021-07-01 19:06:10,0
﻿2021-07-01 19:06:16,0
﻿2021-07-01 19:06:22,0
﻿2021-07-01 19:06:28,0.24
﻿2021-07-01 19:06:34,0
﻿2021-07-01 19:06:40,0
﻿2021-07-01 19:06:46,0
﻿2021-07-01 19:06:52,0
﻿2021-07-01 19:06:58,0
﻿2021-07-01 19:07:04,0
﻿2021-07-01 19:07:10,0
﻿2021-07-01 19:07:16,0
﻿2021-07-01 19:07:22,0
﻿2021-07-01 19:07:28,0
﻿2021-07-01 19:07:34,0
﻿2021-07-01 19:07:40,0
﻿2021-07-01 19:07:46,0
﻿2021-07-01 19:07:52,0
﻿2021-07-01 19:07:58,0
﻿2021-07-01 19:08:04,0
﻿2021-07-01 19:08:10,0.24
﻿2021-07-01 19:08:16,0
﻿2021-07-01 19:08:22,0
﻿2021-07-01 19:08:28,0
﻿2021-07-01 19:08:34,0
﻿2021-07-01 19:08:40,0
﻿2021-07-01 19:08:46,0
﻿2021-07-01 19:08:52,0
﻿2021-07-01 19:08:58,0
﻿2021-07-01 19:09:04,0
﻿2021-07-01 19:09:10,0
﻿2021-07-01 19:09:16,0
﻿2021-07-01 19:09:22,0
﻿2021-07-01 19:09:28,0
﻿2021-07-01 19:09:34,0
﻿2021-07-01 19:09:40,0
﻿2021-07-01 19:09:46,0
﻿2021-07-01 19:09:52,0
﻿2021-07-01 19:09:58,0
﻿2021-07-01 19:10:04,0
﻿2021-07-01 19:10:10,0
﻿2021-07-01 19:10:16,0
﻿2021-07-01 19:10:22,0
﻿2021-07-01 19:10:28,0
﻿2021-07-01 19:10:34,0
﻿2021-07-01 19:10:40,0
﻿2021-07-01 19:10:46,0
﻿2021-07-01 19:10:52,0
﻿2021-07-01 19:10:58,0
﻿2021-07-01 19:11:04,0
﻿2021-07-01 19:11:10,0
﻿2021-07-01 19:11:16,0
﻿2021-07-01 19:11:22,0.98
﻿2021-07-01 19:11:28,0
﻿2021-07-01 19:11:34,0
﻿2021-07-01 19:11:40,0
﻿2021-07-01 19:11:46,0
﻿2021-07-01 19:11:52,0
﻿2021-07-01 19:11:58,0
﻿2021-07-01 19:12:04,0
﻿2021-07-01 19:12:10,0
﻿2021-07-01 19:12:16,0
﻿2021-07-01 19:12:22,0
﻿2021-07-01 19:12:28,0
﻿2021-07-01 19:12:34,0
﻿2021-07-01 19:12:40,0
﻿2021-07-01 19:12:46,0
﻿2021-07-01 19:12:52,0
﻿2021-07-01 19:12:58,0
﻿2021-07-01 19:13:04,0
﻿2021-07-01 19:13:10,0
﻿2021-07-01 19:13:16,0
﻿2021-07-01 19:13:22,0
﻿2021-07-01 19:13:28,0
﻿2021-07-01 19:13:34,0
﻿2021-07-01 19:13:40,0
﻿2021-07-01 19:13:46,0
﻿2021-07-01 19:13:52,0
﻿2021-07-01 19:13:58,0
﻿2021-07-01 19:14:04,0
﻿2021-07-01 19:14:10,0
﻿2021-07-01 19:14:16,0
﻿2021-07-01 19:14:22,0
﻿2021-07-01 19:14:28,0
﻿2021-07-01 19:14:34,0
﻿2021-07-01 19:14:40,0
﻿2021-07-01 19:14:46,0
﻿2021-07-01 19:14:52,0
﻿2021-07-01 19:14:58,0
﻿2021-07-01 19:15:04,0
﻿2021-07-01 19:15:10,0
﻿2021-07-01 19:15:16,0
﻿2021-07-01 19:15:22,0
﻿2021-07-01 19:15:28,0
﻿2021-07-01 19:15:34,0
﻿2021-07-01 19:15:41,0
﻿2021-07-01 19:15:46,0
﻿2021-07-01 19:15:52,0
﻿2021-07-01 19:15:58,0
﻿2021-07-01 19:16:04,0
﻿2021-07-01 19:16:10,0
﻿2021-07-01 19:16:16,0
﻿2021-07-01 19:16:22,0
﻿2021-07-01 19:16:28,0
﻿2021-07-01 19:16:34,0
﻿2021-07-01 19:16:40,0
﻿2021-07-01 19:16:46,0
﻿2021-07-01 19:16:53,0
﻿2021-07-01 19:16:58,0
﻿2021-07-01 19:17:05,0
﻿2021-07-01 19:17:10,0
﻿2021-07-01 19:17:17,0
﻿2021-07-01 19:17:23,0
﻿2021-07-01 19:17:29,0
﻿2021-07-01 19:17:35,0
﻿2021-07-01 19:17:41,0
﻿2021-07-01 19:17:47,0
﻿2021-07-01 19:17:53,0
﻿2021-07-01 19:17:59,0
﻿2021-07-01 19:18:05,0
﻿2021-07-01 19:18:11,0
﻿2021-07-01 19:18:17,0
﻿2021-07-01 19:18:23,0
﻿2021-07-01 19:18:29,0
﻿2021-07-01 19:18:35,0
﻿2021-07-01 19:18:41,0
﻿2021-07-01 19:18:47,0
﻿2021-07-01 19:18:53,0
﻿2021-07-01 19:18:59,0
﻿2021-07-01 19:19:05,0
﻿2021-07-01 19:19:11,0
﻿2021-07-01 19:19:17,0
﻿2021-07-01 19:19:23,0
﻿2021-07-01 19:19:29,0
﻿2021-07-01 19:19:35,0
﻿2021-07-01 19:19:41,0
﻿2021-07-01 19:19:47,0
﻿2021-07-01 19:19:53,0
﻿2021-07-01 19:19:59,0
﻿2021-07-01 19:20:05,0
﻿2021-07-01 19:20:11,0
﻿2021-07-01 19:20:17,0
﻿2021-07-01 19:20:23,0
﻿2021-07-01 19:20:29,0
﻿2021-07-01 19:20:35,0
﻿2021-07-01 19:20:41,0
﻿2021-07-01 19:20:47,0
﻿2021-07-01 19:20:53,0
﻿2021-07-01 19:20:59,0
﻿2021-07-01 19:21:05,0
﻿2021-07-01 19:21:11,0
﻿2021-07-01 19:21:17,0
﻿2021-07-01 19:21:23,0
﻿2021-07-01 19:21:29,0
﻿2021-07-01 19:21:35,0
﻿2021-07-01 19:21:41,0
﻿2021-07-01 19:21:47,0
﻿2021-07-01 19:21:53,0
﻿2021-07-01 19:21:59,0
﻿2021-07-01 19:22:05,0
﻿2021-07-01 19:22:11,0
﻿2021-07-01 19:22:17,0
﻿2021-07-01 19:22:23,0
﻿2021-07-01 19:22:29,0
﻿2021-07-01 19:22:35,0
﻿2021-07-01 19:22:41,0
﻿2021-07-01 19:22:47,0
﻿2021-07-01 19:22:53,0
﻿2021-07-01 19:22:59,0
﻿2021-07-01 19:23:05,0
﻿2021-07-01 19:23:11,0
﻿2021-07-01 19:23:17,0
﻿2021-07-01 19:23:23,0
﻿2021-07-01 19:23:29,0
﻿2021-07-01 19:23:35,0
﻿2021-07-01 19:23:41,0
﻿2021-07-01 19:23:47,0
﻿2021-07-01 19:23:53,0
﻿2021-07-01 19:23:59,0
﻿2021-07-01 19:24:05,0
﻿2021-07-01 19:24:11,0
﻿2021-07-01 19:24:17,0
﻿2021-07-01 19:24:23,0
﻿2021-07-01 19:24:29,0
﻿2021-07-01 19:24:35,0
﻿2021-07-01 19:24:41,0
﻿2021-07-01 19:24:47,0
﻿2021-07-01 19:24:53,0
﻿2021-07-01 19:24:59,0
﻿2021-07-01 19:25:05,0
﻿2021-07-01 19:25:11,0
﻿2021-07-01 19:25:17,0
﻿2021-07-01 19:25:23,0
﻿2021-07-01 19:25:29,0
﻿2021-07-01 19:25:35,0
﻿2021-07-01 19:25:41,0
﻿2021-07-01 19:25:47,0
﻿2021-07-01 19:25:53,0
﻿2021-07-01 19:25:59,0
﻿2021-07-01 19:26:05,0
﻿2021-07-01 19:26:11,0
﻿2021-07-01 19:26:17,0
﻿2021-07-01 19:26:23,0
﻿2021-07-01 19:26:29,0
﻿2021-07-01 19:26:35,0
﻿2021-07-01 19:26:41,0
﻿2021-07-01 19:26:47,0
﻿2021-07-01 19:26:53,0
﻿2021-07-01 19:26:59,0
﻿2021-07-01 19:27:05,0
﻿2021-07-01 19:27:11,0
﻿2021-07-01 19:27:17,0
﻿2021-07-01 19:27:23,0
﻿2021-07-01 19:27:29,0
﻿2021-07-01 19:27:35,0
﻿2021-07-01 19:27:41,0
﻿2021-07-01 19:27:47,0
﻿2021-07-01 19:27:53,0
﻿2021-07-01 19:27:59,0
﻿2021-07-01 19:28:05,0
﻿2021-07-01 19:28:11,0
﻿2021-07-01 19:28:17,0
﻿2021-07-01 19:28:23,0
﻿2021-07-01 19:28:29,0
﻿2021-07-01 19:28:35,0
﻿2021-07-01 19:28:41,0
﻿2021-07-01 19:28:47,0
﻿2021-07-01 19:28:53,0
﻿2021-07-01 19:28:59,0
﻿2021-07-01 19:29:05,0
﻿2021-07-01 19:29:11,0
﻿2021-07-01 19:29:17,0
﻿2021-07-01 19:29:23,0
﻿2021-07-01 19:29:29,0
﻿2021-07-01 19:29:35,0
﻿2021-07-01 19:29:41,0
﻿2021-07-01 19:29:47,0
﻿2021-07-01 19:29:53,0
﻿2021-07-01 19:29:59,0
﻿2021-07-01 19:30:05,0
﻿2021-07-01 19:30:11,0
﻿2021-07-01 19:30:17,0
﻿2021-07-01 19:30:23,0
﻿2021-07-01 19:30:29,0
﻿2021-07-01 19:30:35,0
﻿2021-07-01 19:30:41,0
﻿2021-07-01 19:30:47,0
﻿2021-07-01 19:30:53,0
﻿2021-07-01 19:30:59,0
﻿2021-07-01 19:31:05,0
﻿2021-07-01 19:31:11,0
﻿2021-07-01 19:31:17,0
﻿2021-07-01 19:31:23,0
﻿2021-07-01 19:31:29,0
﻿2021-07-01 19:31:35,0
﻿2021-07-01 19:31:41,0
﻿2021-07-01 19:31:47,0
﻿2021-07-01 19:31:53,0
﻿2021-07-01 19:31:59,0
﻿2021-07-01 19:32:05,0
﻿2021-07-01 19:32:11,0
﻿2021-07-01 19:32:17,0
﻿2021-07-01 19:32:23,0
﻿2021-07-01 19:32:29,0
﻿2021-07-01 19:32:35,0
﻿2021-07-01 19:32:41,0
﻿2021-07-01 19:32:47,0
﻿2021-07-01 19:32:53,0
﻿2021-07-01 19:32:59,0
﻿2021-07-01 19:33:05,0
﻿2021-07-01 19:33:11,0
﻿2021-07-01 19:33:17,0
﻿2021-07-01 19:33:23,0
﻿2021-07-01 19:33:29,0
﻿2021-07-01 19:33:35,0
﻿2021-07-01 19:33:41,0
﻿2021-07-01 19:33:47,0
﻿2021-07-01 19:33:53,0
﻿2021-07-01 19:33:59,0
﻿2021-07-01 19:34:05,0
﻿2021-07-01 19:34:11,0
﻿2021-07-01 19:34:17,0
﻿2021-07-01 19:34:23,0
﻿2021-07-01 19:34:29,0
﻿2021-07-01 19:34:35,0
﻿2021-07-01 19:34:41,0
﻿2021-07-01 19:34:47,0
﻿2021-07-01 19:34:53,0
﻿2021-07-01 19:34:59,0
﻿2021-07-01 19:35:05,0
﻿2021-07-01 19:35:11,0
﻿2021-07-01 19:35:17,0
﻿2021-07-01 19:35:23,0
﻿2021-07-01 19:35:29,0
﻿2021-07-01 19:35:35,0
﻿2021-07-01 19:35:41,0
﻿2021-07-01 19:35:47,0
﻿2021-07-01 19:35:53,0
﻿2021-07-01 19:35:59,0
﻿2021-07-01 19:36:05,0
﻿2021-07-01 19:36:11,0
﻿2021-07-01 19:36:17,0
﻿2021-07-01 19:36:23,0
﻿2021-07-01 19:36:29,0
﻿2021-07-01 19:36:35,0
﻿2021-07-01 19:36:41,0
﻿2021-07-01 19:36:47,0
﻿2021-07-01 19:36:53,0
﻿2021-07-01 19:36:59,0
﻿2021-07-01 19:37:05,0
﻿2021-07-01 19:37:11,0
﻿2021-07-01 19:37:17,0
﻿2021-07-01 19:37:23,0
﻿2021-07-01 19:37:29,0
﻿2021-07-01 19:37:35,0
﻿2021-07-01 19:37:41,0
﻿2021-07-01 19:37:47,0
﻿2021-07-01 19:37:53,0
﻿2021-07-01 19:37:59,0
﻿2021-07-01 19:38:05,0
﻿2021-07-01 19:38:11,0
﻿2021-07-01 19:38:17,0
﻿2021-07-01 19:38:23,0
﻿2021-07-01 19:38:29,0
﻿2021-07-01 19:38:35,0
﻿2021-07-01 19:38:41,0
﻿2021-07-01 19:38:47,0
﻿2021-07-01 19:38:53,0
﻿2021-07-01 19:38:59,0
﻿2021-07-01 19:39:05,0
﻿2021-07-01 19:39:11,0
﻿2021-07-01 19:39:17,0
﻿2021-07-01 19:39:23,0
﻿2021-07-01 19:39:29,0
﻿2021-07-01 19:39:35,0
﻿2021-07-01 19:39:41,0
﻿2021-07-01 19:39:47,0
﻿2021-07-01 19:39:53,0
﻿2021-07-01 19:39:59,0
﻿2021-07-01 19:40:05,0
﻿2021-07-01 19:40:11,0
﻿2021-07-01 19:40:17,0
﻿2021-07-01 19:40:23,0
﻿2021-07-01 19:40:29,0
﻿2021-07-01 19:40:35,0
﻿2021-07-01 19:40:41,0
﻿2021-07-01 19:40:47,0
﻿2021-07-01 19:40:53,0
﻿2021-07-01 19:40:59,0
﻿2021-07-01 19:41:05,0
﻿2021-07-01 19:41:11,0
﻿2021-07-01 19:41:17,0
﻿2021-07-01 19:41:23,0
﻿2021-07-01 19:41:30,0
﻿2021-07-01 19:41:36,0
﻿2021-07-01 19:41:42,0
﻿2021-07-01 19:41:48,0
﻿2021-07-01 19:41:54,0
﻿2021-07-01 19:42:00,0
﻿2021-07-01 19:42:06,0
﻿2021-07-01 19:42:12,0
﻿2021-07-01 19:42:18,0
﻿2021-07-01 19:42:24,0
﻿2021-07-01 19:42:30,0
﻿2021-07-01 19:42:36,0
﻿2021-07-01 19:42:42,0
﻿2021-07-01 19:42:48,0
﻿2021-07-01 19:42:54,0
﻿2021-07-01 19:43:00,0
﻿2021-07-01 19:43:06,0
﻿2021-07-01 19:43:12,0
﻿2021-07-01 19:43:18,0
﻿2021-07-01 19:43:24,0
﻿2021-07-01 19:43:30,0
﻿2021-07-01 19:43:36,0
﻿2021-07-01 19:43:42,0
﻿2021-07-01 19:43:48,0
﻿2021-07-01 19:43:54,0
﻿2021-07-01 19:44:00,0
﻿2021-07-01 19:44:06,0
﻿2021-07-01 19:44:12,0
﻿2021-07-01 19:44:18,0
﻿2021-07-01 19:44:24,0
﻿2021-07-01 19:44:30,0
﻿2021-07-01 19:44:36,0
﻿2021-07-01 19:44:42,0
﻿2021-07-01 19:44:48,0
﻿2021-07-01 19:44:54,0
﻿2021-07-01 19:45:00,0
﻿2021-07-01 19:45:06,0
﻿2021-07-01 19:45:12,0
﻿2021-07-01 19:45:18,0
﻿2021-07-01 19:45:24,0
﻿2021-07-01 19:45:30,0
﻿2021-07-01 19:45:36,0
﻿2021-07-01 19:45:42,0
﻿2021-07-01 19:45:48,0
﻿2021-07-01 19:45:54,0
﻿2021-07-01 19:46:00,0
﻿2021-07-01 19:46:06,0
﻿2021-07-01 19:46:12,0
﻿2021-07-01 19:46:18,0
﻿2021-07-01 19:46:24,0
﻿2021-07-01 19:46:30,0
﻿2021-07-01 19:46:36,0
﻿2021-07-01 19:46:42,0
﻿2021-07-01 19:46:48,0
﻿2021-07-01 19:46:54,0
﻿2021-07-01 19:47:00,0
﻿2021-07-01 19:47:06,0
﻿2021-07-01 19:47:12,0
﻿2021-07-01 19:47:18,0
﻿2021-07-01 19:47:24,0
﻿2021-07-01 19:47:30,0
﻿2021-07-01 19:47:36,0
﻿2021-07-01 19:47:42,0
﻿2021-07-01 19:47:48,0
﻿2021-07-01 19:47:54,0
﻿2021-07-01 19:48:00,0
﻿2021-07-01 19:48:06,0
﻿2021-07-01 19:48:12,0
﻿2021-07-01 19:48:18,0
﻿2021-07-01 19:48:24,0
﻿2021-07-01 19:48:30,0
﻿2021-07-01 19:48:36,0
﻿2021-07-01 19:48:42,0
﻿2021-07-01 19:48:48,0
﻿2021-07-01 19:48:54,0
﻿2021-07-01 19:49:00,0
﻿2021-07-01 19:49:06,0
﻿2021-07-01 19:49:12,0
﻿2021-07-01 19:49:18,0
﻿2021-07-01 19:49:24,0
﻿2021-07-01 19:49:30,0
﻿2021-07-01 19:49:36,0
﻿2021-07-01 19:49:42,0
﻿2021-07-01 19:49:48,0
﻿2021-07-01 19:49:54,0
﻿2021-07-01 19:50:00,0
﻿2021-07-01 19:50:06,0
﻿2021-07-01 19:50:12,0
﻿2021-07-01 19:50:18,0
﻿2021-07-01 19:50:24,0
﻿2021-07-01 19:50:30,0
﻿2021-07-01 19:50:36,0
﻿2021-07-01 19:50:42,0
﻿2021-07-01 19:50:48,0
﻿2021-07-01 19:50:54,0
﻿2021-07-01 19:51:00,0
﻿2021-07-01 19:51:06,0
﻿2021-07-01 19:51:12,0
﻿2021-07-01 19:51:18,0
﻿2021-07-01 19:51:24,0
﻿2021-07-01 19:51:30,0
﻿2021-07-01 19:51:36,0
﻿2021-07-01 19:51:42,0
﻿2021-07-01 19:51:48,0
﻿2021-07-01 19:51:54,0
﻿2021-07-01 19:52:00,0
﻿2021-07-01 19:52:06,0
﻿2021-07-01 19:52:12,0
﻿2021-07-01 19:52:18,0
﻿2021-07-01 19:52:24,0
﻿2021-07-01 19:52:30,0
﻿2021-07-01 19:52:36,0
﻿2021-07-01 19:52:42,0
﻿2021-07-01 19:52:48,0
﻿2021-07-01 19:52:54,0
﻿2021-07-01 19:53:00,0
﻿2021-07-01 19:53:06,0
﻿2021-07-01 19:53:12,0
﻿2021-07-01 19:53:18,0
﻿2021-07-01 19:53:24,0
﻿2021-07-01 19:53:30,0
﻿2021-07-01 19:53:36,0
﻿2021-07-01 19:53:42,0
﻿2021-07-01 19:53:48,0
﻿2021-07-01 19:53:54,0
﻿2021-07-01 19:54:00,0
﻿2021-07-01 19:54:06,0
﻿2021-07-01 19:54:12,0
﻿2021-07-01 19:54:18,0
﻿2021-07-01 19:54:24,0
﻿2021-07-01 19:54:30,0
﻿2021-07-01 19:54:36,0
﻿2021-07-01 19:54:42,0
﻿2021-07-01 19:54:48,0
﻿2021-07-01 19:54:54,0
﻿2021-07-01 19:55:00,0
﻿2021-07-01 19:55:06,0
﻿2021-07-01 19:55:12,0
﻿2021-07-01 19:55:18,0
﻿2021-07-01 19:55:24,0
﻿2021-07-01 19:55:30,0
﻿2021-07-01 19:55:36,0
﻿2021-07-01 19:55:42,0
﻿2021-07-01 19:55:48,0
﻿2021-07-01 19:55:54,0
﻿2021-07-01 19:56:00,0
﻿2021-07-01 19:56:06,0
﻿2021-07-01 19:56:12,0
﻿2021-07-01 19:56:18,0
﻿2021-07-01 19:56:24,0
﻿2021-07-01 19:56:30,0
﻿2021-07-01 19:56:36,0
﻿2021-07-01 19:56:42,0
﻿2021-07-01 19:56:48,0
﻿2021-07-01 19:56:54,0
﻿2021-07-01 19:57:00,0
﻿2021-07-01 19:57:06,0
﻿2021-07-01 19:57:12,0
﻿2021-07-01 19:57:18,0
﻿2021-07-01 19:57:24,0
﻿2021-07-01 19:57:30,0
﻿2021-07-01 19:57:36,0
﻿2021-07-01 19:57:42,0
﻿2021-07-01 19:57:48,0
﻿2021-07-01 19:57:54,0
﻿2021-07-01 19:58:00,0
﻿2021-07-01 19:58:06,0
﻿2021-07-01 19:58:12,0
﻿2021-07-01 19:58:18,0
﻿2021-07-01 19:58:24,0
﻿2021-07-01 19:58:30,0
﻿2021-07-01 19:58:36,0
﻿2021-07-01 19:58:42,0
﻿2021-07-01 19:58:48,0
﻿2021-07-01 19:58:54,0
﻿2021-07-01 19:59:00,0
﻿2021-07-01 19:59:06,0
﻿2021-07-01 19:59:12,0
﻿2021-07-01 19:59:18,0
﻿2021-07-01 19:59:24,0
﻿2021-07-01 19:59:30,0
﻿2021-07-01 19:59:36,0
﻿2021-07-01 19:59:42,0
﻿2021-07-01 19:59:48,0
﻿2021-07-01 19:59:54,0
﻿2021-07-01 20:00:00,0
﻿2021-07-01 20:00:06,0
﻿2021-07-01 20:00:12,0
﻿2021-07-01 20:00:18,0
﻿2021-07-01 20:00:24,0
﻿2021-07-01 20:00:30,0
﻿2021-07-01 20:00:36,0
﻿2021-07-01 20:00:42,0
﻿2021-07-01 20:00:48,0
﻿2021-07-01 20:00:54,0
﻿2021-07-01 20:01:00,0
﻿2021-07-01 20:01:06,0
﻿2021-07-01 20:01:12,0
﻿2021-07-01 20:01:18,0
﻿2021-07-01 20:01:24,0
﻿2021-07-01 20:01:30,0
﻿2021-07-01 20:01:36,0
﻿2021-07-01 20:01:42,0
﻿2021-07-01 20:01:48,0
﻿2021-07-01 20:01:54,0
﻿2021-07-01 20:02:00,0
﻿2021-07-01 20:02:06,0
﻿2021-07-01 20:02:12,0
﻿2021-07-01 20:02:18,0
﻿2021-07-01 20:02:24,0
﻿2021-07-01 20:02:30,0
﻿2021-07-01 20:02:36,0
﻿2021-07-01 20:02:42,0
﻿2021-07-01 20:02:48,0
﻿2021-07-01 20:02:54,0
﻿2021-07-01 20:03:00,0
﻿2021-07-01 20:03:06,0
﻿2021-07-01 20:03:12,0
﻿2021-07-01 20:03:18,0
﻿2021-07-01 20:03:24,0
﻿2021-07-01 20:03:30,0
﻿2021-07-01 20:03:36,0
﻿2021-07-01 20:03:42,0
﻿2021-07-01 20:03:48,0
﻿2021-07-01 20:03:54,0
﻿2021-07-01 20:04:00,0
﻿2021-07-01 20:04:06,0
﻿2021-07-01 20:04:12,0
﻿2021-07-01 20:04:18,0
﻿2021-07-01 20:04:24,0
﻿2021-07-01 20:04:30,0
﻿2021-07-01 20:04:36,0
﻿2021-07-01 20:04:42,0
﻿2021-07-01 20:04:48,0
﻿2021-07-01 20:04:54,0
﻿2021-07-01 20:05:00,0
﻿2021-07-01 20:05:06,0
﻿2021-07-01 20:05:12,0
﻿2021-07-01 20:05:18,0
﻿2021-07-01 20:05:24,0
﻿2021-07-01 20:05:30,0
﻿2021-07-01 20:05:37,0
﻿2021-07-01 20:05:42,0
﻿2021-07-01 20:05:48,0
﻿2021-07-01 20:05:54,0
﻿2021-07-01 20:06:00,0
﻿2021-07-01 20:06:06,0
﻿2021-07-01 20:06:12,0
﻿2021-07-01 20:06:18,0
﻿2021-07-01 20:06:24,0
﻿2021-07-01 20:06:31,0
﻿2021-07-01 20:06:37,0
﻿2021-07-01 20:06:43,0
﻿2021-07-01 20:06:49,0
﻿2021-07-01 20:06:55,0
﻿2021-07-01 20:07:01,0
﻿2021-07-01 20:07:07,0
﻿2021-07-01 20:07:13,0
﻿2021-07-01 20:07:19,0
﻿2021-07-01 20:07:25,0
﻿2021-07-01 20:07:31,0
﻿2021-07-01 20:07:37,0
﻿2021-07-01 20:07:43,0
﻿2021-07-01 20:07:49,0
﻿2021-07-01 20:07:55,0
﻿2021-07-01 20:08:01,0
﻿2021-07-01 20:08:07,0
﻿2021-07-01 20:08:13,0
﻿2021-07-01 20:08:19,0
﻿2021-07-01 20:08:25,0
﻿2021-07-01 20:08:31,0
﻿2021-07-01 20:08:37,0
﻿2021-07-01 20:08:43,0
﻿2021-07-01 20:08:49,0
﻿2021-07-01 20:08:55,0
﻿2021-07-01 20:09:01,0
﻿2021-07-01 20:09:07,0
﻿2021-07-01 20:09:13,0
﻿2021-07-01 20:09:19,0
﻿2021-07-01 20:09:25,0
﻿2021-07-01 20:09:31,0
﻿2021-07-01 20:09:37,0
﻿2021-07-01 20:09:43,0
﻿2021-07-01 20:09:49,0
﻿2021-07-01 20:09:55,0
﻿2021-07-01 20:10:01,0
﻿2021-07-01 20:10:07,0
﻿2021-07-01 20:10:13,0
﻿2021-07-01 20:10:19,0
﻿2021-07-01 20:10:25,0
﻿2021-07-01 20:10:31,0
﻿2021-07-01 20:10:37,0
﻿2021-07-01 20:10:43,0
﻿2021-07-01 20:10:49,0
﻿2021-07-01 20:10:55,0
﻿2021-07-01 20:11:01,0
﻿2021-07-01 20:11:07,0
﻿2021-07-01 20:11:13,0
﻿2021-07-01 20:11:19,0
﻿2021-07-01 20:11:25,0
﻿2021-07-01 20:11:31,0
﻿2021-07-01 20:11:37,0
﻿2021-07-01 20:11:43,0
﻿2021-07-01 20:11:49,0
﻿2021-07-01 20:11:55,0
﻿2021-07-01 20:12:01,0
﻿2021-07-01 20:12:07,0
﻿2021-07-01 20:12:13,0
﻿2021-07-01 20:12:19,0
﻿2021-07-01 20:12:25,0
﻿2021-07-01 20:12:31,0
﻿2021-07-01 20:12:37,0
﻿2021-07-01 20:12:43,0
﻿2021-07-01 20:12:49,0
﻿2021-07-01 20:12:55,0
﻿2021-07-01 20:13:01,0
﻿2021-07-01 20:13:07,0
﻿2021-07-01 20:13:13,0
﻿2021-07-01 20:13:19,0
﻿2021-07-01 20:13:25,0
﻿2021-07-01 20:13:31,0
﻿2021-07-01 20:13:37,0
﻿2021-07-01 20:13:43,0
﻿2021-07-01 20:13:49,0
﻿2021-07-01 20:13:55,0
﻿2021-07-01 20:14:01,0
﻿2021-07-01 20:14:07,0
﻿2021-07-01 20:14:13,0
﻿2021-07-01 20:14:19,0
﻿2021-07-01 20:14:25,0
﻿2021-07-01 20:14:31,0
﻿2021-07-01 20:14:37,0
﻿2021-07-01 20:14:43,0
﻿2021-07-01 20:14:49,0
﻿2021-07-01 20:14:55,0
﻿2021-07-01 20:15:01,0
﻿2021-07-01 20:15:07,0
﻿2021-07-01 20:15:13,0
﻿2021-07-01 20:15:19,0
﻿2021-07-01 20:15:25,0
﻿2021-07-01 20:15:31,0
﻿2021-07-01 20:15:37,0
﻿2021-07-01 20:15:43,0
﻿2021-07-01 20:15:49,0
﻿2021-07-01 20:15:55,0
﻿2021-07-01 20:16:01,0
﻿2021-07-01 20:16:07,0
﻿2021-07-01 20:16:13,0
﻿2021-07-01 20:16:19,0
﻿2021-07-01 20:16:25,0
﻿2021-07-01 20:16:31,0
﻿2021-07-01 20:16:37,0
﻿2021-07-01 20:16:43,0
﻿2021-07-01 20:16:49,0
﻿2021-07-01 20:16:55,0
﻿2021-07-01 20:17:01,0
﻿2021-07-01 20:17:07,0
﻿2021-07-01 20:17:13,0
﻿2021-07-01 20:17:19,0
﻿2021-07-01 20:17:25,0
﻿2021-07-01 20:17:31,0
﻿2021-07-01 20:17:37,0
﻿2021-07-01 20:17:43,0
﻿2021-07-01 20:17:49,0
﻿2021-07-01 20:17:55,0
﻿2021-07-01 20:18:01,0
﻿2021-07-01 20:18:07,0
﻿2021-07-01 20:18:13,0
﻿2021-07-01 20:18:19,0
﻿2021-07-01 20:18:25,0
﻿2021-07-01 20:18:31,0
﻿2021-07-01 20:18:37,0
﻿2021-07-01 20:18:43,0
﻿2021-07-01 20:18:49,0
﻿2021-07-01 20:18:55,0
﻿2021-07-01 20:19:01,0
﻿2021-07-01 20:19:07,0
﻿2021-07-01 20:19:13,0
﻿2021-07-01 20:19:19,0
﻿2021-07-01 20:19:25,0
﻿2021-07-01 20:19:31,0
﻿2021-07-01 20:19:37,0
﻿2021-07-01 20:19:43,0
﻿2021-07-01 20:19:49,0
﻿2021-07-01 20:19:55,0
﻿2021-07-01 20:20:01,0
﻿2021-07-01 20:20:07,0
﻿2021-07-01 20:20:13,0
﻿2021-07-01 20:20:19,0
﻿2021-07-01 20:20:25,0
﻿2021-07-01 20:20:31,0
﻿2021-07-01 20:20:37,0
﻿2021-07-01 20:20:43,0
﻿2021-07-01 20:20:49,0
﻿2021-07-01 20:20:55,0
﻿2021-07-01 20:21:01,0
﻿2021-07-01 20:21:07,0
﻿2021-07-01 20:21:13,0
﻿2021-07-01 20:21:19,0
﻿2021-07-01 20:21:25,0
﻿2021-07-01 20:21:31,0
﻿2021-07-01 20:21:37,0
﻿2021-07-01 20:21:43,0
﻿2021-07-01 20:21:49,0
﻿2021-07-01 20:21:55,0
﻿2021-07-01 20:22:01,0
﻿2021-07-01 20:22:07,0
﻿2021-07-01 20:22:13,0
﻿2021-07-01 20:22:19,0
﻿2021-07-01 20:22:25,0
﻿2021-07-01 20:22:31,0
﻿2021-07-01 20:22:37,0
﻿2021-07-01 20:22:43,0
﻿2021-07-01 20:22:49,0
﻿2021-07-01 20:22:55,0
﻿2021-07-01 20:23:01,0
﻿2021-07-01 20:23:07,0
﻿2021-07-01 20:23:13,0
﻿2021-07-01 20:23:19,0
﻿2021-07-01 20:23:25,0
﻿2021-07-01 20:23:31,0
﻿2021-07-01 20:23:37,0
﻿2021-07-01 20:23:43,0
﻿2021-07-01 20:23:49,0
﻿2021-07-01 20:23:55,0
﻿2021-07-01 20:24:01,0
﻿2021-07-01 20:24:07,0
﻿2021-07-01 20:24:13,0
﻿2021-07-01 20:24:19,0
﻿2021-07-01 20:24:25,0
﻿2021-07-01 20:24:31,0
﻿2021-07-01 20:24:37,0
﻿2021-07-01 20:24:43,0
﻿2021-07-01 20:24:49,0
﻿2021-07-01 20:24:55,0
﻿2021-07-01 20:25:01,0
﻿2021-07-01 20:25:07,0
﻿2021-07-01 20:25:13,0
﻿2021-07-01 20:25:19,0
﻿2021-07-01 20:25:25,0
﻿2021-07-01 20:25:31,0
﻿2021-07-01 20:25:37,0
﻿2021-07-01 20:25:43,0
﻿2021-07-01 20:25:49,0
﻿2021-07-01 20:25:55,0
﻿2021-07-01 20:26:01,0
﻿2021-07-01 20:26:07,0
﻿2021-07-01 20:26:13,0
﻿2021-07-01 20:26:19,0
﻿2021-07-01 20:26:25,0
﻿2021-07-01 20:26:31,0
﻿2021-07-01 20:26:37,0
﻿2021-07-01 20:26:43,0
﻿2021-07-01 20:26:49,0
﻿2021-07-01 20:26:55,0
﻿2021-07-01 20:27:01,0
﻿2021-07-01 20:27:07,0
﻿2021-07-01 20:27:13,0
﻿2021-07-01 20:27:19,0
﻿2021-07-01 20:27:25,0
﻿2021-07-01 20:27:31,0
﻿2021-07-01 20:27:37,0
﻿2021-07-01 20:27:43,0
﻿2021-07-01 20:27:49,0
﻿2021-07-01 20:27:55,0
﻿2021-07-01 20:28:01,0
﻿2021-07-01 20:28:07,0
﻿2021-07-01 20:28:13,0
﻿2021-07-01 20:28:19,0
﻿2021-07-01 20:28:25,0
﻿2021-07-01 20:28:31,0
﻿2021-07-01 20:28:37,0
﻿2021-07-01 20:28:43,0
﻿2021-07-01 20:28:49,0
﻿2021-07-01 20:28:55,0
﻿2021-07-01 20:29:01,0
﻿2021-07-01 20:29:07,0
﻿2021-07-01 20:29:13,0
﻿2021-07-01 20:29:19,0
﻿2021-07-01 20:29:25,0
﻿2021-07-01 20:29:31,0
﻿2021-07-01 20:29:37,0
﻿2021-07-01 20:29:43,0
﻿2021-07-01 20:29:49,0
﻿2021-07-01 20:29:55,0
﻿2021-07-01 20:30:01,0
﻿2021-07-01 20:30:07,0
﻿2021-07-01 20:30:13,0
﻿2021-07-01 20:30:19,0
﻿2021-07-01 20:30:25,0
﻿2021-07-01 20:30:31,0
﻿2021-07-01 20:30:38,0
﻿2021-07-01 20:30:44,0
﻿2021-07-01 20:30:50,0
﻿2021-07-01 20:30:56,0
﻿2021-07-01 20:31:02,0
﻿2021-07-01 20:31:08,0
﻿2021-07-01 20:31:14,0
﻿2021-07-01 20:31:20,0
﻿2021-07-01 20:31:26,0
﻿2021-07-01 20:31:32,0
﻿2021-07-01 20:31:38,0
﻿2021-07-01 20:31:44,0
﻿2021-07-01 20:31:50,0
﻿2021-07-01 20:31:56,0
﻿2021-07-01 20:32:02,0
﻿2021-07-01 20:32:08,0
﻿2021-07-01 20:32:14,0
﻿2021-07-01 20:32:20,0
﻿2021-07-01 20:32:26,0
﻿2021-07-01 20:32:32,0
﻿2021-07-01 20:32:38,0
﻿2021-07-01 20:32:44,0
﻿2021-07-01 20:32:50,0
﻿2021-07-01 20:32:56,0
﻿2021-07-01 20:33:02,0
﻿2021-07-01 20:33:08,0
﻿2021-07-01 20:33:14,0
﻿2021-07-01 20:33:20,0
﻿2021-07-01 20:33:26,0
﻿2021-07-01 20:33:32,0
﻿2021-07-01 20:33:38,0
﻿2021-07-01 20:33:44,0
﻿2021-07-01 20:33:50,0
﻿2021-07-01 20:33:56,0
﻿2021-07-01 20:34:02,0
﻿2021-07-01 20:34:08,0
﻿2021-07-01 20:34:14,0
﻿2021-07-01 20:34:20,0
﻿2021-07-01 20:34:26,0
﻿2021-07-01 20:34:32,0
﻿2021-07-01 20:34:38,0
﻿2021-07-01 20:34:44,0
﻿2021-07-01 20:34:50,0
﻿2021-07-01 20:34:56,0
﻿2021-07-01 20:35:02,0
﻿2021-07-01 20:35:08,0
﻿2021-07-01 20:35:14,0
﻿2021-07-01 20:35:20,0
﻿2021-07-01 20:35:26,0
﻿2021-07-01 20:35:32,0
﻿2021-07-01 20:35:38,0
﻿2021-07-01 20:35:44,0
﻿2021-07-01 20:35:50,0
﻿2021-07-01 20:35:56,0
﻿2021-07-01 20:36:02,0
﻿2021-07-01 20:36:08,0
﻿2021-07-01 20:36:14,0
﻿2021-07-01 20:36:20,0
﻿2021-07-01 20:36:26,0
﻿2021-07-01 20:36:32,0
﻿2021-07-01 20:36:38,0
﻿2021-07-01 20:36:44,0
﻿2021-07-01 20:36:50,0
﻿2021-07-01 20:36:56,0
﻿2021-07-01 20:37:02,0
﻿2021-07-01 20:37:08,0
﻿2021-07-01 20:37:14,0
﻿2021-07-01 20:37:20,0
﻿2021-07-01 20:37:26,0
﻿2021-07-01 20:37:32,0
﻿2021-07-01 20:37:38,0
﻿2021-07-01 20:37:44,0
﻿2021-07-01 20:37:50,0
﻿2021-07-01 20:37:56,0
﻿2021-07-01 20:38:02,0
﻿2021-07-01 20:38:08,0
﻿2021-07-01 20:38:14,0
﻿2021-07-01 20:38:20,0
﻿2021-07-01 20:38:26,0
﻿2021-07-01 20:38:32,0
﻿2021-07-01 20:38:38,0
﻿2021-07-01 20:38:44,0
﻿2021-07-01 20:38:50,0
﻿2021-07-01 20:38:56,0
﻿2021-07-01 20:39:02,0
﻿2021-07-01 20:39:08,0
﻿2021-07-01 20:39:14,0
﻿2021-07-01 20:39:20,0
﻿2021-07-01 20:39:26,0
﻿2021-07-01 20:39:32,0
﻿2021-07-01 20:39:38,0
﻿2021-07-01 20:39:44,0
﻿2021-07-01 20:39:50,0
﻿2021-07-01 20:39:56,0
﻿2021-07-01 20:40:02,0
﻿2021-07-01 20:40:08,0
﻿2021-07-01 20:40:14,0
﻿2021-07-01 20:40:20,0
﻿2021-07-01 20:40:26,0
﻿2021-07-01 20:40:32,0
﻿2021-07-01 20:40:38,0
﻿2021-07-01 20:40:44,0
﻿2021-07-01 20:40:50,0
﻿2021-07-01 20:40:56,0
﻿2021-07-01 20:41:02,0
﻿2021-07-01 20:41:08,0
﻿2021-07-01 20:41:14,0
﻿2021-07-01 20:41:20,0
﻿2021-07-01 20:41:26,0
﻿2021-07-01 20:41:32,0
﻿2021-07-01 20:41:38,0
﻿2021-07-01 20:41:44,0
﻿2021-07-01 20:41:50,0
﻿2021-07-01 20:41:56,0
﻿2021-07-01 20:42:02,0
﻿2021-07-01 20:42:08,0
﻿2021-07-01 20:42:14,0
﻿2021-07-01 20:42:20,0
﻿2021-07-01 20:42:26,0
﻿2021-07-01 20:42:32,0
﻿2021-07-01 20:42:38,0
﻿2021-07-01 20:42:44,0
﻿2021-07-01 20:42:50,0
﻿2021-07-01 20:42:56,0
﻿2021-07-01 20:43:02,0
﻿2021-07-01 20:43:08,0
﻿2021-07-01 20:43:14,0
﻿2021-07-01 20:43:20,0
﻿2021-07-01 20:43:26,0
﻿2021-07-01 20:43:32,0
﻿2021-07-01 20:43:38,0
﻿2021-07-01 20:43:44,0
﻿2021-07-01 20:43:50,0
﻿2021-07-01 20:43:56,0
﻿2021-07-01 20:44:02,0
﻿2021-07-01 20:44:08,0
﻿2021-07-01 20:44:14,0
﻿2021-07-01 20:44:20,0
﻿2021-07-01 20:44:26,0
﻿2021-07-01 20:44:32,0
﻿2021-07-01 20:44:38,0
﻿2021-07-01 20:44:44,0
﻿2021-07-01 20:44:50,0
﻿2021-07-01 20:44:56,0
﻿2021-07-01 20:45:02,0
﻿2021-07-01 20:45:08,0
﻿2021-07-01 20:45:14,0
﻿2021-07-01 20:45:20,0
﻿2021-07-01 20:45:26,0
﻿2021-07-01 20:45:32,0
﻿2021-07-01 20:45:38,0
﻿2021-07-01 20:45:44,0
﻿2021-07-01 20:45:50,0
﻿2021-07-01 20:45:56,0
﻿2021-07-01 20:46:02,0
﻿2021-07-01 20:46:08,0
﻿2021-07-01 20:46:14,0
﻿2021-07-01 20:46:20,0
﻿2021-07-01 20:46:26,0
﻿2021-07-01 20:46:32,0
﻿2021-07-01 20:46:38,0
﻿2021-07-01 20:46:44,0
﻿2021-07-01 20:46:50,0
﻿2021-07-01 20:46:56,0
﻿2021-07-01 20:47:02,0
﻿2021-07-01 20:47:08,0
﻿2021-07-01 20:47:14,0
﻿2021-07-01 20:47:20,0
﻿2021-07-01 20:47:26,0
﻿2021-07-01 20:47:32,0
﻿2021-07-01 20:47:38,0
﻿2021-07-01 20:47:44,0
﻿2021-07-01 20:47:50,0
﻿2021-07-01 20:47:56,0
﻿2021-07-01 20:48:02,0
﻿2021-07-01 20:48:08,0
﻿2021-07-01 20:48:14,0
﻿2021-07-01 20:48:20,0
﻿2021-07-01 20:48:26,0
﻿2021-07-01 20:48:32,0
﻿2021-07-01 20:48:38,0
﻿2021-07-01 20:48:44,0
﻿2021-07-01 20:48:50,0
﻿2021-07-01 20:48:56,0
﻿2021-07-01 20:49:02,0
﻿2021-07-01 20:49:08,0
﻿2021-07-01 20:49:14,0
﻿2021-07-01 20:49:20,0
﻿2021-07-01 20:49:26,0
﻿2021-07-01 20:49:32,0
﻿2021-07-01 20:49:38,0
﻿2021-07-01 20:49:44,0
﻿2021-07-01 20:49:50,0
﻿2021-07-01 20:49:56,0
﻿2021-07-01 20:50:02,0
﻿2021-07-01 20:50:08,0
﻿2021-07-01 20:50:14,0
﻿2021-07-01 20:50:20,0
﻿2021-07-01 20:50:26,0
﻿2021-07-01 20:50:32,0
﻿2021-07-01 20:50:38,0
﻿2021-07-01 20:50:44,0
﻿2021-07-01 20:50:50,0
﻿2021-07-01 20:50:56,0
﻿2021-07-01 20:51:02,0
﻿2021-07-01 20:51:08,0
﻿2021-07-01 20:51:14,0
﻿2021-07-01 20:51:20,0
﻿2021-07-01 20:51:26,0
﻿2021-07-01 20:51:32,0
﻿2021-07-01 20:51:38,0
﻿2021-07-01 20:51:44,0
﻿2021-07-01 20:51:50,0
﻿2021-07-01 20:51:56,0
﻿2021-07-01 20:52:02,0
﻿2021-07-01 20:52:08,0
﻿2021-07-01 20:52:14,0
﻿2021-07-01 20:52:20,0
﻿2021-07-01 20:52:26,0
﻿2021-07-01 20:52:32,0
﻿2021-07-01 20:52:38,0
﻿2021-07-01 20:52:44,0
﻿2021-07-01 20:52:50,0
﻿2021-07-01 20:52:56,0
﻿2021-07-01 20:53:02,0
﻿2021-07-01 20:53:08,0
﻿2021-07-01 20:53:14,0
﻿2021-07-01 20:53:20,0
﻿2021-07-01 20:53:26,0
﻿2021-07-01 20:53:32,0
﻿2021-07-01 20:53:38,0
﻿2021-07-01 20:53:44,0
﻿2021-07-01 20:53:51,0
﻿2021-07-01 20:53:56,0
﻿2021-07-01 20:54:03,0
﻿2021-07-01 20:54:08,0
﻿2021-07-01 20:54:14,0
﻿2021-07-01 20:54:20,0
﻿2021-07-01 20:54:26,0
﻿2021-07-01 20:54:32,0
﻿2021-07-01 20:54:38,0
﻿2021-07-01 20:54:44,0
﻿2021-07-01 20:54:50,0
﻿2021-07-01 20:54:56,0
﻿2021-07-01 20:55:02,0
﻿2021-07-01 20:55:08,0
﻿2021-07-01 20:55:14,0
﻿2021-07-01 20:55:20,0
﻿2021-07-01 20:55:26,0
﻿2021-07-01 20:55:32,0
﻿2021-07-01 20:55:38,0
﻿2021-07-01 20:55:44,0
﻿2021-07-01 20:55:50,0
﻿2021-07-01 20:55:56,0
﻿2021-07-01 20:56:03,0
﻿2021-07-01 20:56:09,0
﻿2021-07-01 20:56:15,0
﻿2021-07-01 20:56:21,0
﻿2021-07-01 20:56:27,0
﻿2021-07-01 20:56:33,0
﻿2021-07-01 20:56:39,0
﻿2021-07-01 20:56:45,0
﻿2021-07-01 20:56:51,0
﻿2021-07-01 20:56:57,0
﻿2021-07-01 20:57:03,0
﻿2021-07-01 20:57:09,0
﻿2021-07-01 20:57:15,0
﻿2021-07-01 20:57:21,0
﻿2021-07-01 20:57:27,0
﻿2021-07-01 20:57:33,0
﻿2021-07-01 20:57:39,0
﻿2021-07-01 20:57:45,0
﻿2021-07-01 20:57:51,0
﻿2021-07-01 20:57:57,0
﻿2021-07-01 20:58:03,0
﻿2021-07-01 20:58:09,0
﻿2021-07-01 20:58:15,0
﻿2021-07-01 20:58:21,0
﻿2021-07-01 20:58:27,0
﻿2021-07-01 20:58:33,0
﻿2021-07-01 20:58:39,0
﻿2021-07-01 20:58:45,0
﻿2021-07-01 20:58:51,0
﻿2021-07-01 20:58:57,0
﻿2021-07-01 20:59:03,0
﻿2021-07-01 20:59:09,0
﻿2021-07-01 20:59:15,0
﻿2021-07-01 20:59:21,0
﻿2021-07-01 20:59:27,0
﻿2021-07-01 20:59:33,0
﻿2021-07-01 20:59:39,0
﻿2021-07-01 20:59:45,0
﻿2021-07-01 20:59:51,0
﻿2021-07-01 20:59:57,0
﻿2021-07-01 21:00:03,0
﻿2021-07-01 21:00:09,0
﻿2021-07-01 21:00:15,0
﻿2021-07-01 21:00:21,0
﻿2021-07-01 21:00:27,0
﻿2021-07-01 21:00:33,0
﻿2021-07-01 21:00:39,0
﻿2021-07-01 21:00:45,0
﻿2021-07-01 21:00:51,0
﻿2021-07-01 21:00:57,0
﻿2021-07-01 21:01:03,0
﻿2021-07-01 21:01:09,0
﻿2021-07-01 21:01:15,0
﻿2021-07-01 21:01:21,0
﻿2021-07-01 21:01:27,0
﻿2021-07-01 21:01:33,0
﻿2021-07-01 21:01:39,0
﻿2021-07-01 21:01:45,0
﻿2021-07-01 21:01:51,0
﻿2021-07-01 21:01:57,0
﻿2021-07-01 21:02:03,0
﻿2021-07-01 21:02:09,0
﻿2021-07-01 21:02:15,0
﻿2021-07-01 21:02:21,0
﻿2021-07-01 21:02:27,0
﻿2021-07-01 21:02:33,0
﻿2021-07-01 21:02:39,0
﻿2021-07-01 21:02:45,0
﻿2021-07-01 21:02:51,0
﻿2021-07-01 21:02:57,0
﻿2021-07-01 21:03:03,0
﻿2021-07-01 21:03:09,0
﻿2021-07-01 21:03:15,0
﻿2021-07-01 21:03:21,0
﻿2021-07-01 21:03:27,0
﻿2021-07-01 21:03:33,0
﻿2021-07-01 21:03:39,0
﻿2021-07-01 21:03:45,0
﻿2021-07-01 21:03:51,0
﻿2021-07-01 21:03:57,0
﻿2021-07-01 21:04:03,0
﻿2021-07-01 21:04:09,0
﻿2021-07-01 21:04:15,0
﻿2021-07-01 21:04:21,0
﻿2021-07-01 21:04:27,0
﻿2021-07-01 21:04:33,0
﻿2021-07-01 21:04:39,0
﻿2021-07-01 21:04:45,0
﻿2021-07-01 21:04:51,0
﻿2021-07-01 21:04:57,0
﻿2021-07-01 21:05:03,0
﻿2021-07-01 21:05:09,0
﻿2021-07-01 21:05:15,0
﻿2021-07-01 21:05:21,0
﻿2021-07-01 21:05:27,0
﻿2021-07-01 21:05:33,0
﻿2021-07-01 21:05:39,0
﻿2021-07-01 21:05:45,0
﻿2021-07-01 21:05:51,0
﻿2021-07-01 21:05:57,0
﻿2021-07-01 21:06:03,0
﻿2021-07-01 21:06:09,0
﻿2021-07-01 21:06:15,0
﻿2021-07-01 21:06:21,0
﻿2021-07-01 21:06:27,0
﻿2021-07-01 21:06:33,0
﻿2021-07-01 21:06:39,0
﻿2021-07-01 21:06:45,0
﻿2021-07-01 21:06:51,0
﻿2021-07-01 21:06:57,0
﻿2021-07-01 21:07:03,0
﻿2021-07-01 21:07:09,0
﻿2021-07-01 21:07:15,0
﻿2021-07-01 21:07:21,0
﻿2021-07-01 21:07:27,0
﻿2021-07-01 21:07:33,0
﻿2021-07-01 21:07:39,0
﻿2021-07-01 21:07:45,0
﻿2021-07-01 21:07:51,0
﻿2021-07-01 21:07:57,0
﻿2021-07-01 21:08:03,0
﻿2021-07-01 21:08:09,0
﻿2021-07-01 21:08:15,0
﻿2021-07-01 21:08:21,0
﻿2021-07-01 21:08:27,0
﻿2021-07-01 21:08:33,0
﻿2021-07-01 21:08:39,0
﻿2021-07-01 21:08:45,0
﻿2021-07-01 21:08:51,0
﻿2021-07-01 21:08:57,0
﻿2021-07-01 21:09:03,0
﻿2021-07-01 21:09:09,0
﻿2021-07-01 21:09:15,0
﻿2021-07-01 21:09:21,0
﻿2021-07-01 21:09:27,0
﻿2021-07-01 21:09:33,0
﻿2021-07-01 21:09:39,0
﻿2021-07-01 21:09:45,0
﻿2021-07-01 21:09:51,0
﻿2021-07-01 21:09:57,0
﻿2021-07-01 21:10:03,0
﻿2021-07-01 21:10:09,0
﻿2021-07-01 21:10:15,0
﻿2021-07-01 21:10:21,0
﻿2021-07-01 21:10:27,0
﻿2021-07-01 21:10:33,0
﻿2021-07-01 21:10:39,0
﻿2021-07-01 21:10:45,0
﻿2021-07-01 21:10:51,0
﻿2021-07-01 21:10:57,0
﻿2021-07-01 21:11:03,0
﻿2021-07-01 21:11:09,0
﻿2021-07-01 21:11:15,0
﻿2021-07-01 21:11:21,0
﻿2021-07-01 21:11:27,0
﻿2021-07-01 21:11:33,0
﻿2021-07-01 21:11:39,0
﻿2021-07-01 21:11:45,0
﻿2021-07-01 21:11:51,0
﻿2021-07-01 21:11:57,0
﻿2021-07-01 21:12:03,0
﻿2021-07-01 21:12:09,0
﻿2021-07-01 21:12:15,0
﻿2021-07-01 21:12:21,0
﻿2021-07-01 21:12:27,0
﻿2021-07-01 21:12:33,0
﻿2021-07-01 21:12:39,0
﻿2021-07-01 21:12:45,0
﻿2021-07-01 21:12:51,0
﻿2021-07-01 21:12:57,0
﻿2021-07-01 21:13:03,0
﻿2021-07-01 21:13:09,0
﻿2021-07-01 21:13:15,0
﻿2021-07-01 21:13:21,0
﻿2021-07-01 21:13:27,0
﻿2021-07-01 21:13:33,0
﻿2021-07-01 21:13:39,0
﻿2021-07-01 21:13:45,0
﻿2021-07-01 21:13:51,0
﻿2021-07-01 21:13:57,0
﻿2021-07-01 21:14:03,0
﻿2021-07-01 21:14:09,0
﻿2021-07-01 21:14:15,0
﻿2021-07-01 21:14:21,0
﻿2021-07-01 21:14:27,0
﻿2021-07-01 21:14:33,0
﻿2021-07-01 21:14:39,0
﻿2021-07-01 21:14:45,0
﻿2021-07-01 21:14:51,0
﻿2021-07-01 21:14:57,0
﻿2021-07-01 21:15:03,0
﻿2021-07-01 21:15:09,0
﻿2021-07-01 21:15:15,0
﻿2021-07-01 21:15:21,0
﻿2021-07-01 21:15:27,0
﻿2021-07-01 21:15:33,0
﻿2021-07-01 21:15:39,0
﻿2021-07-01 21:15:45,0
﻿2021-07-01 21:15:51,0
﻿2021-07-01 21:15:57,0
﻿2021-07-01 21:16:03,0
﻿2021-07-01 21:16:09,0
﻿2021-07-01 21:16:15,0
﻿2021-07-01 21:16:21,0
﻿2021-07-01 21:16:27,0
﻿2021-07-01 21:16:33,0
﻿2021-07-01 21:16:39,0
﻿2021-07-01 21:16:45,0
﻿2021-07-01 21:16:51,0
﻿2021-07-01 21:16:57,0
﻿2021-07-01 21:17:03,0
﻿2021-07-01 21:17:09,0
﻿2021-07-01 21:17:15,0
﻿2021-07-01 21:17:21,0
﻿2021-07-01 21:17:27,0
﻿2021-07-01 21:17:33,0
﻿2021-07-01 21:17:39,0
﻿2021-07-01 21:17:45,0
﻿2021-07-01 21:17:51,0
﻿2021-07-01 21:17:57,0
﻿2021-07-01 21:18:03,0
﻿2021-07-01 21:18:09,0
﻿2021-07-01 21:18:15,0
﻿2021-07-01 21:18:21,0
﻿2021-07-01 21:18:27,0
﻿2021-07-01 21:18:33,0
﻿2021-07-01 21:18:39,0
﻿2021-07-01 21:18:45,0
﻿2021-07-01 21:18:51,0
﻿2021-07-01 21:18:57,0
﻿2021-07-01 21:19:03,0
﻿2021-07-01 21:19:10,0
﻿2021-07-01 21:19:15,0
﻿2021-07-01 21:19:21,0
﻿2021-07-01 21:19:27,0
﻿2021-07-01 21:19:33,0
﻿2021-07-01 21:19:39,0
﻿2021-07-01 21:19:45,0
﻿2021-07-01 21:19:52,0
﻿2021-07-01 21:19:57,0
﻿2021-07-01 21:20:04,0
﻿2021-07-01 21:20:10,0
﻿2021-07-01 21:20:16,0
﻿2021-07-01 21:20:22,0
﻿2021-07-01 21:20:28,0
﻿2021-07-01 21:20:34,0
﻿2021-07-01 21:20:40,0
﻿2021-07-01 21:20:46,0
﻿2021-07-01 21:20:52,0
﻿2021-07-01 21:20:58,0
﻿2021-07-01 21:21:04,0
﻿2021-07-01 21:21:10,0
﻿2021-07-01 21:21:16,0
﻿2021-07-01 21:21:22,0
﻿2021-07-01 21:21:28,0
﻿2021-07-01 21:21:34,0
﻿2021-07-01 21:21:40,0
﻿2021-07-01 21:21:46,0
﻿2021-07-01 21:21:52,0
﻿2021-07-01 21:21:58,0
﻿2021-07-01 21:22:04,0
﻿2021-07-01 21:22:10,0
﻿2021-07-01 21:22:16,0
﻿2021-07-01 21:22:22,0
﻿2021-07-01 21:22:28,0
﻿2021-07-01 21:22:34,0
﻿2021-07-01 21:22:40,0
﻿2021-07-01 21:22:46,0
﻿2021-07-01 21:22:52,0
﻿2021-07-01 21:22:58,0
﻿2021-07-01 21:23:04,0
﻿2021-07-01 21:23:10,0
﻿2021-07-01 21:23:16,0
﻿2021-07-01 21:23:22,0
﻿2021-07-01 21:23:28,0
﻿2021-07-01 21:23:34,0
﻿2021-07-01 21:23:40,0
﻿2021-07-01 21:23:46,0
﻿2021-07-01 21:23:52,0
﻿2021-07-01 21:23:58,0
﻿2021-07-01 21:24:04,0
﻿2021-07-01 21:24:10,0
﻿2021-07-01 21:24:16,0
﻿2021-07-01 21:24:22,0
﻿2021-07-01 21:24:28,0
﻿2021-07-01 21:24:34,0
﻿2021-07-01 21:24:40,0
﻿2021-07-01 21:24:46,0
﻿2021-07-01 21:24:52,0
﻿2021-07-01 21:24:58,0
﻿2021-07-01 21:25:04,0
﻿2021-07-01 21:25:10,0
﻿2021-07-01 21:25:16,0
﻿2021-07-01 21:25:22,0
﻿2021-07-01 21:25:28,0
﻿2021-07-01 21:25:34,0
﻿2021-07-01 21:25:40,0
﻿2021-07-01 21:25:46,0
﻿2021-07-01 21:25:52,0
﻿2021-07-01 21:25:58,0
﻿2021-07-01 21:26:04,0
﻿2021-07-01 21:26:10,0
﻿2021-07-01 21:26:16,0
﻿2021-07-01 21:26:22,0
﻿2021-07-01 21:26:28,0
﻿2021-07-01 21:26:34,0
﻿2021-07-01 21:26:40,0
﻿2021-07-01 21:26:46,0
﻿2021-07-01 21:26:52,0
﻿2021-07-01 21:26:58,0
﻿2021-07-01 21:27:04,0
﻿2021-07-01 21:27:10,0
﻿2021-07-01 21:27:16,0
﻿2021-07-01 21:27:22,0
﻿2021-07-01 21:27:28,0
﻿2021-07-01 21:27:34,0
﻿2021-07-01 21:27:40,0
﻿2021-07-01 21:27:46,0
﻿2021-07-01 21:27:52,0
﻿2021-07-01 21:27:58,0
﻿2021-07-01 21:28:04,0
﻿2021-07-01 21:28:10,0
﻿2021-07-01 21:28:16,0
﻿2021-07-01 21:28:22,0
﻿2021-07-01 21:28:28,0
﻿2021-07-01 21:28:34,0
﻿2021-07-01 21:28:40,0
﻿2021-07-01 21:28:46,0
﻿2021-07-01 21:28:52,0
﻿2021-07-01 21:28:58,0
﻿2021-07-01 21:29:04,0
﻿2021-07-01 21:29:10,0
﻿2021-07-01 21:29:16,0
﻿2021-07-01 21:29:22,0
﻿2021-07-01 21:29:28,0
﻿2021-07-01 21:29:34,0
﻿2021-07-01 21:29:40,0
﻿2021-07-01 21:29:46,0
﻿2021-07-01 21:29:52,0
﻿2021-07-01 21:29:58,0
﻿2021-07-01 21:30:04,0
﻿2021-07-01 21:30:10,0
﻿2021-07-01 21:30:16,0
﻿2021-07-01 21:30:22,0
﻿2021-07-01 21:30:28,0
﻿2021-07-01 21:30:34,0
﻿2021-07-01 21:30:40,0
﻿2021-07-01 21:30:46,0
﻿2021-07-01 21:30:52,0
﻿2021-07-01 21:30:58,0
﻿2021-07-01 21:31:04,0
﻿2021-07-01 21:31:10,0
﻿2021-07-01 21:31:16,0
﻿2021-07-01 21:31:22,0
﻿2021-07-01 21:31:28,0
﻿2021-07-01 21:31:34,0
﻿2021-07-01 21:31:40,0
﻿2021-07-01 21:31:46,0
﻿2021-07-01 21:31:52,0
﻿2021-07-01 21:31:58,0
﻿2021-07-01 21:32:04,0
﻿2021-07-01 21:32:10,0
﻿2021-07-01 21:32:16,0
﻿2021-07-01 21:32:22,0
﻿2021-07-01 21:32:28,0
﻿2021-07-01 21:32:34,0
﻿2021-07-01 21:32:40,0
﻿2021-07-01 21:32:46,0
﻿2021-07-01 21:32:52,0
﻿2021-07-01 21:32:58,0
﻿2021-07-01 21:33:04,0
﻿2021-07-01 21:33:10,0
﻿2021-07-01 21:33:16,0
﻿2021-07-01 21:33:22,0
﻿2021-07-01 21:33:28,0
﻿2021-07-01 21:33:34,0
﻿2021-07-01 21:33:40,0
﻿2021-07-01 21:33:46,0
﻿2021-07-01 21:33:52,0
﻿2021-07-01 21:33:58,0
﻿2021-07-01 21:34:04,0
﻿2021-07-01 21:34:10,0
﻿2021-07-01 21:34:16,0
﻿2021-07-01 21:34:22,0
﻿2021-07-01 21:34:28,0
﻿2021-07-01 21:34:34,0
﻿2021-07-01 21:34:40,0
﻿2021-07-01 21:34:46,0
﻿2021-07-01 21:34:52,0
﻿2021-07-01 21:34:58,0
﻿2021-07-01 21:35:04,0
﻿2021-07-01 21:35:10,0
﻿2021-07-01 21:35:16,0
﻿2021-07-01 21:35:22,0
﻿2021-07-01 21:35:28,0
﻿2021-07-01 21:35:34,0
﻿2021-07-01 21:35:40,0
﻿2021-07-01 21:35:46,0
﻿2021-07-01 21:35:52,0
﻿2021-07-01 21:35:58,0
﻿2021-07-01 21:36:04,0
﻿2021-07-01 21:36:10,0
﻿2021-07-01 21:36:16,0
﻿2021-07-01 21:36:22,0
﻿2021-07-01 21:36:28,0
﻿2021-07-01 21:36:34,0
﻿2021-07-01 21:36:40,0
﻿2021-07-01 21:36:46,0
﻿2021-07-01 21:36:52,0
﻿2021-07-01 21:36:58,0
﻿2021-07-01 21:37:04,0
﻿2021-07-01 21:37:10,0
﻿2021-07-01 21:37:16,0
﻿2021-07-01 21:37:22,0
﻿2021-07-01 21:37:28,0
﻿2021-07-01 21:37:34,0
﻿2021-07-01 21:37:40,0
﻿2021-07-01 21:37:46,0
﻿2021-07-01 21:37:52,0
﻿2021-07-01 21:37:58,0
﻿2021-07-01 21:38:04,0
﻿2021-07-01 21:38:10,0
﻿2021-07-01 21:38:16,0
﻿2021-07-01 21:38:22,0
﻿2021-07-01 21:38:28,0
﻿2021-07-01 21:38:34,0
﻿2021-07-01 21:38:40,0
﻿2021-07-01 21:38:46,0
﻿2021-07-01 21:38:52,0
﻿2021-07-01 21:38:58,0
﻿2021-07-01 21:39:04,0
﻿2021-07-01 21:39:10,0
﻿2021-07-01 21:39:16,0
﻿2021-07-01 21:39:22,0
﻿2021-07-01 21:39:28,0
﻿2021-07-01 21:39:34,0
﻿2021-07-01 21:39:40,0
﻿2021-07-01 21:39:46,0
﻿2021-07-01 21:39:52,0
﻿2021-07-01 21:39:58,0
﻿2021-07-01 21:40:04,0
﻿2021-07-01 21:40:10,0
﻿2021-07-01 21:40:16,0
﻿2021-07-01 21:40:22,0
﻿2021-07-01 21:40:28,0
﻿2021-07-01 21:40:34,0
﻿2021-07-01 21:40:40,0
﻿2021-07-01 21:40:46,0
﻿2021-07-01 21:40:52,0
﻿2021-07-01 21:40:58,0
﻿2021-07-01 21:41:04,0
﻿2021-07-01 21:41:10,0
﻿2021-07-01 21:41:16,0
﻿2021-07-01 21:41:22,0
﻿2021-07-01 21:41:28,0
﻿2021-07-01 21:41:34,0
﻿2021-07-01 21:41:40,0
﻿2021-07-01 21:41:46,0
﻿2021-07-01 21:41:52,0
﻿2021-07-01 21:41:58,0
﻿2021-07-01 21:42:04,0
﻿2021-07-01 21:42:10,0
﻿2021-07-01 21:42:16,0
﻿2021-07-01 21:42:22,0
﻿2021-07-01 21:42:28,0
﻿2021-07-01 21:42:34,0
﻿2021-07-01 21:42:40,0
﻿2021-07-01 21:42:46,0
﻿2021-07-01 21:42:52,0
﻿2021-07-01 21:42:58,0
﻿2021-07-01 21:43:04,0
﻿2021-07-01 21:43:11,0
﻿2021-07-01 21:43:16,0
﻿2021-07-01 21:43:22,0
﻿2021-07-01 21:43:28,0
﻿2021-07-01 21:43:34,0
﻿2021-07-01 21:43:40,0
﻿2021-07-01 21:43:46,0
﻿2021-07-01 21:43:52,0
﻿2021-07-01 21:43:58,0
﻿2021-07-01 21:44:04,0
﻿2021-07-01 21:44:10,0
﻿2021-07-01 21:44:16,0
﻿2021-07-01 21:44:22,0
﻿2021-07-01 21:44:28,0
﻿2021-07-01 21:44:35,0
﻿2021-07-01 21:44:41,0
﻿2021-07-01 21:44:47,0
﻿2021-07-01 21:44:53,0
﻿2021-07-01 21:44:59,0
﻿2021-07-01 21:45:05,0
﻿2021-07-01 21:45:11,0
﻿2021-07-01 21:45:17,0
﻿2021-07-01 21:45:23,0
﻿2021-07-01 21:45:29,0
﻿2021-07-01 21:45:35,0
﻿2021-07-01 21:45:41,0
﻿2021-07-01 21:45:47,0
﻿2021-07-01 21:45:53,0
﻿2021-07-01 21:45:59,0
﻿2021-07-01 21:46:05,0
﻿2021-07-01 21:46:11,0
﻿2021-07-01 21:46:17,0
﻿2021-07-01 21:46:23,0
﻿2021-07-01 21:46:29,0
﻿2021-07-01 21:46:35,0
﻿2021-07-01 21:46:41,0
﻿2021-07-01 21:46:47,0
﻿2021-07-01 21:46:53,0
﻿2021-07-01 21:46:59,0
﻿2021-07-01 21:47:05,0
﻿2021-07-01 21:47:11,0
﻿2021-07-01 21:47:17,0
﻿2021-07-01 21:47:23,0
﻿2021-07-01 21:47:29,0
﻿2021-07-01 21:47:35,0
﻿2021-07-01 21:47:41,0
﻿2021-07-01 21:47:47,0
﻿2021-07-01 21:47:53,0
﻿2021-07-01 21:47:59,0
﻿2021-07-01 21:48:05,0
﻿2021-07-01 21:48:11,0
﻿2021-07-01 21:48:17,0
﻿2021-07-01 21:48:23,0
﻿2021-07-01 21:48:29,0
﻿2021-07-01 21:48:35,0
﻿2021-07-01 21:48:41,0
﻿2021-07-01 21:48:47,0
﻿2021-07-01 21:48:53,0
﻿2021-07-01 21:48:59,0
﻿2021-07-01 21:49:05,0
﻿2021-07-01 21:49:11,0
﻿2021-07-01 21:49:17,0
﻿2021-07-01 21:49:23,0
﻿2021-07-01 21:49:29,0
﻿2021-07-01 21:49:35,0
﻿2021-07-01 21:49:41,0
﻿2021-07-01 21:49:47,0
﻿2021-07-01 21:49:53,0
﻿2021-07-01 21:49:59,0
﻿2021-07-01 21:50:05,0
﻿2021-07-01 21:50:11,0
﻿2021-07-01 21:50:17,0
﻿2021-07-01 21:50:23,0
﻿2021-07-01 21:50:29,0
﻿2021-07-01 21:50:35,0
﻿2021-07-01 21:50:41,0
﻿2021-07-01 21:50:47,0
﻿2021-07-01 21:50:53,0
﻿2021-07-01 21:50:59,0
﻿2021-07-01 21:51:05,0
﻿2021-07-01 21:51:11,0
﻿2021-07-01 21:51:17,0
﻿2021-07-01 21:51:23,0
﻿2021-07-01 21:51:29,0
﻿2021-07-01 21:51:35,0
﻿2021-07-01 21:51:41,0
﻿2021-07-01 21:51:47,0
﻿2021-07-01 21:51:53,0
﻿2021-07-01 21:51:59,0
﻿2021-07-01 21:52:05,0
﻿2021-07-01 21:52:11,0
﻿2021-07-01 21:52:17,0
﻿2021-07-01 21:52:23,0
﻿2021-07-01 21:52:29,0
﻿2021-07-01 21:52:35,0
﻿2021-07-01 21:52:41,0
﻿2021-07-01 21:52:47,0
﻿2021-07-01 21:52:53,0
﻿2021-07-01 21:52:59,0
﻿2021-07-01 21:53:05,0
﻿2021-07-01 21:53:11,0
﻿2021-07-01 21:53:17,0
﻿2021-07-01 21:53:23,0
﻿2021-07-01 21:53:29,0
﻿2021-07-01 21:53:35,0
﻿2021-07-01 21:53:41,0
﻿2021-07-01 21:53:47,0
﻿2021-07-01 21:53:53,0
﻿2021-07-01 21:53:59,0
﻿2021-07-01 21:54:05,0
﻿2021-07-01 21:54:11,0
﻿2021-07-01 21:54:17,0
﻿2021-07-01 21:54:23,0
﻿2021-07-01 21:54:29,0
﻿2021-07-01 21:54:35,0
﻿2021-07-01 21:54:41,0
﻿2021-07-01 21:54:47,0
﻿2021-07-01 21:54:53,0
﻿2021-07-01 21:54:59,0
﻿2021-07-01 21:55:05,0
﻿2021-07-01 21:55:11,0
﻿2021-07-01 21:55:17,0
﻿2021-07-01 21:55:23,0
﻿2021-07-01 21:55:29,0
﻿2021-07-01 21:55:35,0
﻿2021-07-01 21:55:41,0
﻿2021-07-01 21:55:47,0
﻿2021-07-01 21:55:53,0
﻿2021-07-01 21:55:59,0
﻿2021-07-01 21:56:05,0
﻿2021-07-01 21:56:11,0
﻿2021-07-01 21:56:17,0
﻿2021-07-01 21:56:23,0
﻿2021-07-01 21:56:29,0
﻿2021-07-01 21:56:35,0
﻿2021-07-01 21:56:41,0
﻿2021-07-01 21:56:47,0
﻿2021-07-01 21:56:53,0
﻿2021-07-01 21:56:59,0
﻿2021-07-01 21:57:05,0
﻿2021-07-01 21:57:11,0
﻿2021-07-01 21:57:17,0
﻿2021-07-01 21:57:23,0
﻿2021-07-01 21:57:29,0
﻿2021-07-01 21:57:35,0
﻿2021-07-01 21:57:41,0
﻿2021-07-01 21:57:47,0
﻿2021-07-01 21:57:53,0
﻿2021-07-01 21:57:59,0
﻿2021-07-01 21:58:05,0
﻿2021-07-01 21:58:11,0
﻿2021-07-01 21:58:17,0
﻿2021-07-01 21:58:23,0
﻿2021-07-01 21:58:29,0
﻿2021-07-01 21:58:35,0
﻿2021-07-01 21:58:41,0
﻿2021-07-01 21:58:47,0
﻿2021-07-01 21:58:53,0
﻿2021-07-01 21:58:59,0
﻿2021-07-01 21:59:05,0
﻿2021-07-01 21:59:11,0
﻿2021-07-01 21:59:17,0
﻿2021-07-01 21:59:23,0
﻿2021-07-01 21:59:29,0
﻿2021-07-01 21:59:35,0
﻿2021-07-01 21:59:41,0
﻿2021-07-01 21:59:47,0
﻿2021-07-01 21:59:53,0
﻿2021-07-01 21:59:59,0
﻿2021-07-01 22:00:05,0
﻿2021-07-01 22:00:11,0
﻿2021-07-01 22:00:17,0
﻿2021-07-01 22:00:23,0
﻿2021-07-01 22:00:29,0
﻿2021-07-01 22:00:35,0
﻿2021-07-01 22:00:41,0
﻿2021-07-01 22:00:47,0
﻿2021-07-01 22:00:53,0
﻿2021-07-01 22:00:59,0
﻿2021-07-01 22:01:05,0
﻿2021-07-01 22:01:11,0
﻿2021-07-01 22:01:17,0
﻿2021-07-01 22:01:23,0
﻿2021-07-01 22:01:29,0
﻿2021-07-01 22:01:35,0
﻿2021-07-01 22:01:41,0
﻿2021-07-01 22:01:47,0
﻿2021-07-01 22:01:53,0
﻿2021-07-01 22:01:59,0
﻿2021-07-01 22:02:05,0
﻿2021-07-01 22:02:11,0
﻿2021-07-01 22:02:17,0
﻿2021-07-01 22:02:23,0
﻿2021-07-01 22:02:29,0
﻿2021-07-01 22:02:35,0
﻿2021-07-01 22:02:41,0
﻿2021-07-01 22:02:47,0
﻿2021-07-01 22:02:53,0
﻿2021-07-01 22:02:59,0
﻿2021-07-01 22:03:05,0
﻿2021-07-01 22:03:11,0
﻿2021-07-01 22:03:17,0
﻿2021-07-01 22:03:23,0
﻿2021-07-01 22:03:29,0
﻿2021-07-01 22:03:35,0
﻿2021-07-01 22:03:41,0
﻿2021-07-01 22:03:47,0
﻿2021-07-01 22:03:53,0
﻿2021-07-01 22:03:59,0
﻿2021-07-01 22:04:05,0
﻿2021-07-01 22:04:11,0
﻿2021-07-01 22:04:17,0
﻿2021-07-01 22:04:23,0
﻿2021-07-01 22:04:29,0
﻿2021-07-01 22:04:35,0
﻿2021-07-01 22:04:41,0
﻿2021-07-01 22:04:47,0
﻿2021-07-01 22:04:53,0
﻿2021-07-01 22:04:59,0
﻿2021-07-01 22:05:05,0
﻿2021-07-01 22:05:11,0
﻿2021-07-01 22:05:17,0
﻿2021-07-01 22:05:23,0
﻿2021-07-01 22:05:29,0
﻿2021-07-01 22:05:35,0
﻿2021-07-01 22:05:41,0
﻿2021-07-01 22:05:47,0
﻿2021-07-01 22:05:53,0
﻿2021-07-01 22:05:59,0
﻿2021-07-01 22:06:05,0
﻿2021-07-01 22:06:11,0
﻿2021-07-01 22:06:17,0
﻿2021-07-01 22:06:23,0
﻿2021-07-01 22:06:29,0
﻿2021-07-01 22:06:35,0
﻿2021-07-01 22:06:41,0
﻿2021-07-01 22:06:47,0
﻿2021-07-01 22:06:53,0
﻿2021-07-01 22:06:59,0
﻿2021-07-01 22:07:05,0
﻿2021-07-01 22:07:11,0
﻿2021-07-01 22:07:17,0
﻿2021-07-01 22:07:23,0
﻿2021-07-01 22:07:29,0
﻿2021-07-01 22:07:35,0
﻿2021-07-01 22:07:41,0
﻿2021-07-01 22:07:47,0
﻿2021-07-01 22:07:53,0
﻿2021-07-01 22:07:59,0
﻿2021-07-01 22:08:05,0
﻿2021-07-01 22:08:11,0
﻿2021-07-01 22:08:17,0
﻿2021-07-01 22:08:23,0
﻿2021-07-01 22:08:29,0
﻿2021-07-01 22:08:36,0
﻿2021-07-01 22:08:41,0
﻿2021-07-01 22:08:47,0
﻿2021-07-01 22:08:53,0
﻿2021-07-01 22:08:59,0
﻿2021-07-01 22:09:06,0
﻿2021-07-01 22:09:11,0
﻿2021-07-01 22:09:17,0
﻿2021-07-01 22:09:24,0
﻿2021-07-01 22:09:30,0
﻿2021-07-01 22:09:36,0
﻿2021-07-01 22:09:42,0
﻿2021-07-01 22:09:48,0
﻿2021-07-01 22:09:54,0
﻿2021-07-01 22:10:00,0
﻿2021-07-01 22:10:06,0
﻿2021-07-01 22:10:12,0
﻿2021-07-01 22:10:18,0
﻿2021-07-01 22:10:24,0
﻿2021-07-01 22:10:30,0
﻿2021-07-01 22:10:36,0
﻿2021-07-01 22:10:42,0
﻿2021-07-01 22:10:48,0
﻿2021-07-01 22:10:54,0
﻿2021-07-01 22:11:00,0
﻿2021-07-01 22:11:06,0
﻿2021-07-01 22:11:12,0
﻿2021-07-01 22:11:18,0
﻿2021-07-01 22:11:24,0
﻿2021-07-01 22:11:30,0
﻿2021-07-01 22:11:36,0
﻿2021-07-01 22:11:42,0
﻿2021-07-01 22:11:48,0
﻿2021-07-01 22:11:54,0
﻿2021-07-01 22:12:00,0
﻿2021-07-01 22:12:06,0
﻿2021-07-01 22:12:12,0
﻿2021-07-01 22:12:18,0
﻿2021-07-01 22:12:24,0
﻿2021-07-01 22:12:30,0
﻿2021-07-01 22:12:36,0
﻿2021-07-01 22:12:42,0
﻿2021-07-01 22:12:48,0
﻿2021-07-01 22:12:54,0
﻿2021-07-01 22:13:00,0
﻿2021-07-01 22:13:06,0
﻿2021-07-01 22:13:12,0
﻿2021-07-01 22:13:18,0
﻿2021-07-01 22:13:24,0
﻿2021-07-01 22:13:30,0
﻿2021-07-01 22:13:36,0
﻿2021-07-01 22:13:42,0
﻿2021-07-01 22:13:48,0
﻿2021-07-01 22:13:54,0
﻿2021-07-01 22:14:00,0
﻿2021-07-01 22:14:06,0
﻿2021-07-01 22:14:12,0
﻿2021-07-01 22:14:18,0
﻿2021-07-01 22:14:24,0
﻿2021-07-01 22:14:30,0
﻿2021-07-01 22:14:36,0
﻿2021-07-01 22:14:42,0
﻿2021-07-01 22:14:48,0
﻿2021-07-01 22:14:54,0
﻿2021-07-01 22:15:00,0
﻿2021-07-01 22:15:06,0
﻿2021-07-01 22:15:12,0
﻿2021-07-01 22:15:18,0
﻿2021-07-01 22:15:24,0
﻿2021-07-01 22:15:30,0
﻿2021-07-01 22:15:36,0
﻿2021-07-01 22:15:42,0
﻿2021-07-01 22:15:48,0
﻿2021-07-01 22:15:54,0
﻿2021-07-01 22:16:00,0
﻿2021-07-01 22:16:06,0
﻿2021-07-01 22:16:12,0
﻿2021-07-01 22:16:18,0
﻿2021-07-01 22:16:24,0
﻿2021-07-01 22:16:30,0
﻿2021-07-01 22:16:36,0
﻿2021-07-01 22:16:42,0
﻿2021-07-01 22:16:48,0
﻿2021-07-01 22:16:54,0
﻿2021-07-01 22:17:00,0
﻿2021-07-01 22:17:06,0
﻿2021-07-01 22:17:12,0
﻿2021-07-01 22:17:18,0
﻿2021-07-01 22:17:24,0
﻿2021-07-01 22:17:30,0
﻿2021-07-01 22:17:36,0
﻿2021-07-01 22:17:42,0
﻿2021-07-01 22:17:48,0
﻿2021-07-01 22:17:54,0
﻿2021-07-01 22:18:00,0
﻿2021-07-01 22:18:06,0
﻿2021-07-01 22:18:12,0
﻿2021-07-01 22:18:18,0
﻿2021-07-01 22:18:24,0
﻿2021-07-01 22:18:30,0
﻿2021-07-01 22:18:36,0
﻿2021-07-01 22:18:42,0
﻿2021-07-01 22:18:48,0
﻿2021-07-01 22:18:54,0
﻿2021-07-01 22:19:00,0
﻿2021-07-01 22:19:06,0
﻿2021-07-01 22:19:12,0
﻿2021-07-01 22:19:18,0
﻿2021-07-01 22:19:24,0
﻿2021-07-01 22:19:30,0
﻿2021-07-01 22:19:36,0
﻿2021-07-01 22:19:42,0
﻿2021-07-01 22:19:48,0
﻿2021-07-01 22:19:54,0
﻿2021-07-01 22:20:00,0
﻿2021-07-01 22:20:06,0
﻿2021-07-01 22:20:12,0
﻿2021-07-01 22:20:18,0
﻿2021-07-01 22:20:24,0
﻿2021-07-01 22:20:30,0
﻿2021-07-01 22:20:36,0
﻿2021-07-01 22:20:42,0
﻿2021-07-01 22:20:48,0
﻿2021-07-01 22:20:54,0
﻿2021-07-01 22:21:00,0
﻿2021-07-01 22:21:06,0
﻿2021-07-01 22:21:12,0
﻿2021-07-01 22:21:18,0
﻿2021-07-01 22:21:24,0
﻿2021-07-01 22:21:30,0
﻿2021-07-01 22:21:36,0
﻿2021-07-01 22:21:42,0
﻿2021-07-01 22:21:48,0
﻿2021-07-01 22:21:54,0
﻿2021-07-01 22:22:00,0
﻿2021-07-01 22:22:06,0
﻿2021-07-01 22:22:12,0
﻿2021-07-01 22:22:18,0
﻿2021-07-01 22:22:24,0
﻿2021-07-01 22:22:30,0
﻿2021-07-01 22:22:36,0
﻿2021-07-01 22:22:42,0
﻿2021-07-01 22:22:48,0
﻿2021-07-01 22:22:54,0
﻿2021-07-01 22:23:00,0
﻿2021-07-01 22:23:06,0
﻿2021-07-01 22:23:12,0
﻿2021-07-01 22:23:18,0
﻿2021-07-01 22:23:24,0
﻿2021-07-01 22:23:30,0
﻿2021-07-01 22:23:36,0
﻿2021-07-01 22:23:42,0
﻿2021-07-01 22:23:48,0
﻿2021-07-01 22:23:54,0
﻿2021-07-01 22:24:00,0
﻿2021-07-01 22:24:06,0
﻿2021-07-01 22:24:12,0
﻿2021-07-01 22:24:18,0
﻿2021-07-01 22:24:24,0
﻿2021-07-01 22:24:30,0
﻿2021-07-01 22:24:36,0
﻿2021-07-01 22:24:42,0
﻿2021-07-01 22:24:48,0
﻿2021-07-01 22:24:54,0
﻿2021-07-01 22:25:00,0
﻿2021-07-01 22:25:06,0
﻿2021-07-01 22:25:12,0
﻿2021-07-01 22:25:18,0
﻿2021-07-01 22:25:24,0
﻿2021-07-01 22:25:30,0
﻿2021-07-01 22:25:36,0
﻿2021-07-01 22:25:42,0
﻿2021-07-01 22:25:48,0
﻿2021-07-01 22:25:54,0
﻿2021-07-01 22:26:00,0
﻿2021-07-01 22:26:06,0
﻿2021-07-01 22:26:12,0
﻿2021-07-01 22:26:18,0
﻿2021-07-01 22:26:24,0
﻿2021-07-01 22:26:30,0
﻿2021-07-01 22:26:36,0
﻿2021-07-01 22:26:42,0
﻿2021-07-01 22:26:48,0
﻿2021-07-01 22:26:54,0
﻿2021-07-01 22:27:00,0
﻿2021-07-01 22:27:06,0
﻿2021-07-01 22:27:12,0
﻿2021-07-01 22:27:18,0
﻿2021-07-01 22:27:24,0
﻿2021-07-01 22:27:30,0
﻿2021-07-01 22:27:36,0
﻿2021-07-01 22:27:42,0
﻿2021-07-01 22:27:48,0
﻿2021-07-01 22:27:54,0
﻿2021-07-01 22:28:00,0
﻿2021-07-01 22:28:06,0
﻿2021-07-01 22:28:12,0
﻿2021-07-01 22:28:18,0
﻿2021-07-01 22:28:24,0
﻿2021-07-01 22:28:30,0
﻿2021-07-01 22:28:36,0
﻿2021-07-01 22:28:42,0
﻿2021-07-01 22:28:48,0
﻿2021-07-01 22:28:54,0
﻿2021-07-01 22:29:00,0
﻿2021-07-01 22:29:06,0
﻿2021-07-01 22:29:12,0
﻿2021-07-01 22:29:18,0
﻿2021-07-01 22:29:24,0
﻿2021-07-01 22:29:30,0
﻿2021-07-01 22:29:36,0
﻿2021-07-01 22:29:42,0
﻿2021-07-01 22:29:48,0
﻿2021-07-01 22:29:54,0
﻿2021-07-01 22:30:00,0
﻿2021-07-01 22:30:06,0
﻿2021-07-01 22:30:12,0
﻿2021-07-01 22:30:18,0
﻿2021-07-01 22:30:24,0
﻿2021-07-01 22:30:30,0
﻿2021-07-01 22:30:36,0
﻿2021-07-01 22:30:42,0
﻿2021-07-01 22:30:48,0
﻿2021-07-01 22:30:54,0
﻿2021-07-01 22:31:00,0
﻿2021-07-01 22:31:06,0
﻿2021-07-01 22:31:12,0
﻿2021-07-01 22:31:18,0
﻿2021-07-01 22:31:24,0
﻿2021-07-01 22:31:30,0
﻿2021-07-01 22:31:37,0
﻿2021-07-01 22:31:42,0
﻿2021-07-01 22:31:48,0
﻿2021-07-01 22:31:54,0
﻿2021-07-01 22:32:00,0
﻿2021-07-01 22:32:06,0
﻿2021-07-01 22:32:12,0
﻿2021-07-01 22:32:18,0
﻿2021-07-01 22:32:24,0
﻿2021-07-01 22:32:30,0
﻿2021-07-01 22:32:36,0
﻿2021-07-01 22:32:43,0
﻿2021-07-01 22:32:48,0
﻿2021-07-01 22:32:54,0
﻿2021-07-01 22:33:00,0
﻿2021-07-01 22:33:06,0
﻿2021-07-01 22:33:13,0
﻿2021-07-01 22:33:18,0
﻿2021-07-01 22:33:24,0
﻿2021-07-01 22:33:30,0
﻿2021-07-01 22:33:37,0
﻿2021-07-01 22:33:42,0
﻿2021-07-01 22:33:49,0
﻿2021-07-01 22:33:55,0
﻿2021-07-01 22:34:01,0
﻿2021-07-01 22:34:07,0
﻿2021-07-01 22:34:13,0
﻿2021-07-01 22:34:19,0
﻿2021-07-01 22:34:25,0
﻿2021-07-01 22:34:31,0
﻿2021-07-01 22:34:37,0
﻿2021-07-01 22:34:43,0
﻿2021-07-01 22:34:49,0
﻿2021-07-01 22:34:55,0
﻿2021-07-01 22:35:01,0
﻿2021-07-01 22:35:07,0
﻿2021-07-01 22:35:13,0
﻿2021-07-01 22:35:19,0
﻿2021-07-01 22:35:25,0
﻿2021-07-01 22:35:31,0
﻿2021-07-01 22:35:37,0
﻿2021-07-01 22:35:43,0
﻿2021-07-01 22:35:49,0
﻿2021-07-01 22:35:55,0
﻿2021-07-01 22:36:01,0
﻿2021-07-01 22:36:07,0
﻿2021-07-01 22:36:13,0
﻿2021-07-01 22:36:19,0
﻿2021-07-01 22:36:25,0
﻿2021-07-01 22:36:31,0
﻿2021-07-01 22:36:37,0
﻿2021-07-01 22:36:43,0
﻿2021-07-01 22:36:49,0
﻿2021-07-01 22:36:55,0
﻿2021-07-01 22:37:01,0
﻿2021-07-01 22:37:07,0
﻿2021-07-01 22:37:13,0
﻿2021-07-01 22:37:19,0
﻿2021-07-01 22:37:25,0
﻿2021-07-01 22:37:31,0
﻿2021-07-01 22:37:37,0
﻿2021-07-01 22:37:43,0
﻿2021-07-01 22:37:49,0
﻿2021-07-01 22:37:55,0
﻿2021-07-01 22:38:01,0
﻿2021-07-01 22:38:07,0
﻿2021-07-01 22:38:13,0
﻿2021-07-01 22:38:19,0
﻿2021-07-01 22:38:25,0
﻿2021-07-01 22:38:31,0
﻿2021-07-01 22:38:37,0
﻿2021-07-01 22:38:43,0
﻿2021-07-01 22:38:49,0
﻿2021-07-01 22:38:55,0
﻿2021-07-01 22:39:01,0
﻿2021-07-01 22:39:07,0
﻿2021-07-01 22:39:13,0
﻿2021-07-01 22:39:19,0
﻿2021-07-01 22:39:25,0
﻿2021-07-01 22:39:31,0
﻿2021-07-01 22:39:37,0
﻿2021-07-01 22:39:43,0
﻿2021-07-01 22:39:49,0
﻿2021-07-01 22:39:55,0
﻿2021-07-01 22:40:01,0
﻿2021-07-01 22:40:07,0
﻿2021-07-01 22:40:13,0
﻿2021-07-01 22:40:19,0
﻿2021-07-01 22:40:25,0
﻿2021-07-01 22:40:31,0
﻿2021-07-01 22:40:37,0
﻿2021-07-01 22:40:43,0
﻿2021-07-01 22:40:49,0
﻿2021-07-01 22:40:55,0
﻿2021-07-01 22:41:01,0
﻿2021-07-01 22:41:07,0
﻿2021-07-01 22:41:13,0
﻿2021-07-01 22:41:19,0
﻿2021-07-01 22:41:25,0
﻿2021-07-01 22:41:31,0
﻿2021-07-01 22:41:37,0
﻿2021-07-01 22:41:43,0
﻿2021-07-01 22:41:49,0
﻿2021-07-01 22:41:55,0
﻿2021-07-01 22:42:01,0
﻿2021-07-01 22:42:07,0
﻿2021-07-01 22:42:13,0
﻿2021-07-01 22:42:19,0
﻿2021-07-01 22:42:25,0
﻿2021-07-01 22:42:31,0
﻿2021-07-01 22:42:37,0
﻿2021-07-01 22:42:43,0
﻿2021-07-01 22:42:49,0
﻿2021-07-01 22:42:55,0
﻿2021-07-01 22:43:01,0
﻿2021-07-01 22:43:07,0
﻿2021-07-01 22:43:13,0
﻿2021-07-01 22:43:19,0
﻿2021-07-01 22:43:25,0
﻿2021-07-01 22:43:31,0
﻿2021-07-01 22:43:37,0
﻿2021-07-01 22:43:43,0
﻿2021-07-01 22:43:49,0
﻿2021-07-01 22:43:55,0
﻿2021-07-01 22:44:01,0
﻿2021-07-01 22:44:07,0
﻿2021-07-01 22:44:13,0
﻿2021-07-01 22:44:19,0
﻿2021-07-01 22:44:25,0
﻿2021-07-01 22:44:31,0
﻿2021-07-01 22:44:37,0
﻿2021-07-01 22:44:43,0
﻿2021-07-01 22:44:49,0
﻿2021-07-01 22:44:55,0
﻿2021-07-01 22:45:01,0
﻿2021-07-01 22:45:07,0
﻿2021-07-01 22:45:13,0
﻿2021-07-01 22:45:19,0
﻿2021-07-01 22:45:25,0
﻿2021-07-01 22:45:31,0
﻿2021-07-01 22:45:37,0
﻿2021-07-01 22:45:43,0
﻿2021-07-01 22:45:49,0
﻿2021-07-01 22:45:55,0
﻿2021-07-01 22:46:01,0
﻿2021-07-01 22:46:07,0
﻿2021-07-01 22:46:13,0
﻿2021-07-01 22:46:19,0
﻿2021-07-01 22:46:25,0
﻿2021-07-01 22:46:31,0
﻿2021-07-01 22:46:37,0
﻿2021-07-01 22:46:43,0
﻿2021-07-01 22:46:49,0
﻿2021-07-01 22:46:55,0
﻿2021-07-01 22:47:01,0
﻿2021-07-01 22:47:07,0
﻿2021-07-01 22:47:13,0
﻿2021-07-01 22:47:19,0
﻿2021-07-01 22:47:25,0
﻿2021-07-01 22:47:31,0
﻿2021-07-01 22:47:37,0
﻿2021-07-01 22:47:43,0
﻿2021-07-01 22:47:49,0
﻿2021-07-01 22:47:55,0
﻿2021-07-01 22:48:01,0
﻿2021-07-01 22:48:07,0
﻿2021-07-01 22:48:13,0
﻿2021-07-01 22:48:19,0
﻿2021-07-01 22:48:25,0
﻿2021-07-01 22:48:31,0
﻿2021-07-01 22:48:37,0
﻿2021-07-01 22:48:43,0
﻿2021-07-01 22:48:49,0
﻿2021-07-01 22:48:55,0
﻿2021-07-01 22:49:01,0
﻿2021-07-01 22:49:07,0
﻿2021-07-01 22:49:13,0
﻿2021-07-01 22:49:19,0
﻿2021-07-01 22:49:25,0
﻿2021-07-01 22:49:31,0
﻿2021-07-01 22:49:37,0
﻿2021-07-01 22:49:43,0
﻿2021-07-01 22:49:49,0
﻿2021-07-01 22:49:55,0
﻿2021-07-01 22:50:01,0
﻿2021-07-01 22:50:07,0
﻿2021-07-01 22:50:13,0
﻿2021-07-01 22:50:19,0
﻿2021-07-01 22:50:25,0
﻿2021-07-01 22:50:31,0
﻿2021-07-01 22:50:37,0
﻿2021-07-01 22:50:43,0
﻿2021-07-01 22:50:49,0
﻿2021-07-01 22:50:55,0
﻿2021-07-01 22:51:01,0
﻿2021-07-01 22:51:07,0
﻿2021-07-01 22:51:13,0
﻿2021-07-01 22:51:19,0
﻿2021-07-01 22:51:25,0
﻿2021-07-01 22:51:31,0
﻿2021-07-01 22:51:37,0
﻿2021-07-01 22:51:43,0
﻿2021-07-01 22:51:49,0
﻿2021-07-01 22:51:55,0
﻿2021-07-01 22:52:01,0
﻿2021-07-01 22:52:07,0
﻿2021-07-01 22:52:13,0
﻿2021-07-01 22:52:19,0
﻿2021-07-01 22:52:25,0
﻿2021-07-01 22:52:31,0
﻿2021-07-01 22:52:37,0
﻿2021-07-01 22:52:43,0
﻿2021-07-01 22:52:49,0
﻿2021-07-01 22:52:55,0
﻿2021-07-01 22:53:01,0
﻿2021-07-01 22:53:07,0
﻿2021-07-01 22:53:13,0
﻿2021-07-01 22:53:19,0
﻿2021-07-01 22:53:25,0
﻿2021-07-01 22:53:31,0
﻿2021-07-01 22:53:37,0
﻿2021-07-01 22:53:43,0
﻿2021-07-01 22:53:49,0
﻿2021-07-01 22:53:55,0
﻿2021-07-01 22:54:01,0
﻿2021-07-01 22:54:07,0
﻿2021-07-01 22:54:13,0
﻿2021-07-01 22:54:19,0
﻿2021-07-01 22:54:25,0
﻿2021-07-01 22:54:31,0
﻿2021-07-01 22:54:37,0
﻿2021-07-01 22:54:43,0
﻿2021-07-01 22:54:49,0
﻿2021-07-01 22:54:55,0
﻿2021-07-01 22:55:01,0
﻿2021-07-01 22:55:07,0
﻿2021-07-01 22:55:13,0
﻿2021-07-01 22:55:19,0
﻿2021-07-01 22:55:25,0
﻿2021-07-01 22:55:31,0
﻿2021-07-01 22:55:37,0
﻿2021-07-01 22:55:44,0
﻿2021-07-01 22:55:49,0
﻿2021-07-01 22:55:55,0
﻿2021-07-01 22:56:01,0
﻿2021-07-01 22:56:07,0
﻿2021-07-01 22:56:13,0
﻿2021-07-01 22:56:19,0
﻿2021-07-01 22:56:25,0
﻿2021-07-01 22:56:31,0
﻿2021-07-01 22:56:37,0
﻿2021-07-01 22:56:43,0
﻿2021-07-01 22:56:49,0
﻿2021-07-01 22:56:55,0
﻿2021-07-01 22:57:02,0
﻿2021-07-01 22:57:07,0
﻿2021-07-01 22:57:13,0
﻿2021-07-01 22:57:19,0
﻿2021-07-01 22:57:25,0
﻿2021-07-01 22:57:31,0
﻿2021-07-01 22:57:37,0
﻿2021-07-01 22:57:44,0
﻿2021-07-01 22:57:49,0
﻿2021-07-01 22:57:56,0
﻿2021-07-01 22:58:02,0
﻿2021-07-01 22:58:08,0
﻿2021-07-01 22:58:14,0
﻿2021-07-01 22:58:20,0
﻿2021-07-01 22:58:26,0
﻿2021-07-01 22:58:32,0
﻿2021-07-01 22:58:38,0
﻿2021-07-01 22:58:44,0
﻿2021-07-01 22:58:50,0
﻿2021-07-01 22:58:56,0
﻿2021-07-01 22:59:02,0
﻿2021-07-01 22:59:08,0
﻿2021-07-01 22:59:14,0
﻿2021-07-01 22:59:20,0
﻿2021-07-01 22:59:26,0
﻿2021-07-01 22:59:32,0
﻿2021-07-01 22:59:38,0
﻿2021-07-01 22:59:44,0
﻿2021-07-01 22:59:50,0
﻿2021-07-01 22:59:56,0
﻿2021-07-01 23:00:02,0
﻿2021-07-01 23:00:08,0
﻿2021-07-01 23:00:14,0
﻿2021-07-01 23:00:20,0
﻿2021-07-01 23:00:26,0
﻿2021-07-01 23:00:32,0
﻿2021-07-01 23:00:38,0
﻿2021-07-01 23:00:44,0
﻿2021-07-01 23:00:50,0
﻿2021-07-01 23:00:56,0
﻿2021-07-01 23:01:02,0
﻿2021-07-01 23:01:08,0
﻿2021-07-01 23:01:14,0
﻿2021-07-01 23:01:20,0
﻿2021-07-01 23:01:26,0
﻿2021-07-01 23:01:32,0
﻿2021-07-01 23:01:38,0
﻿2021-07-01 23:01:44,0
﻿2021-07-01 23:01:50,0
﻿2021-07-01 23:01:56,0
﻿2021-07-01 23:02:02,0
﻿2021-07-01 23:02:08,0
﻿2021-07-01 23:02:14,0
﻿2021-07-01 23:02:20,0
﻿2021-07-01 23:02:26,0
﻿2021-07-01 23:02:32,0
﻿2021-07-01 23:02:38,0
﻿2021-07-01 23:02:44,0
﻿2021-07-01 23:02:50,0
﻿2021-07-01 23:02:56,0
﻿2021-07-01 23:03:02,0
﻿2021-07-01 23:03:08,0
﻿2021-07-01 23:03:14,0
﻿2021-07-01 23:03:20,0
﻿2021-07-01 23:03:26,0
﻿2021-07-01 23:03:32,0
﻿2021-07-01 23:03:38,0
﻿2021-07-01 23:03:44,0
﻿2021-07-01 23:03:50,0
﻿2021-07-01 23:03:56,0
﻿2021-07-01 23:04:02,0
﻿2021-07-01 23:04:08,0
﻿2021-07-01 23:04:14,0
﻿2021-07-01 23:04:20,0
﻿2021-07-01 23:04:26,0
﻿2021-07-01 23:04:32,0
﻿2021-07-01 23:04:38,0
﻿2021-07-01 23:04:44,0
﻿2021-07-01 23:04:50,0
﻿2021-07-01 23:04:56,0
﻿2021-07-01 23:05:02,0
﻿2021-07-01 23:05:08,0
﻿2021-07-01 23:05:14,0
﻿2021-07-01 23:05:20,0
﻿2021-07-01 23:05:26,0
﻿2021-07-01 23:05:32,0
﻿2021-07-01 23:05:38,0
﻿2021-07-01 23:05:44,0
﻿2021-07-01 23:05:50,0
﻿2021-07-01 23:05:56,0
﻿2021-07-01 23:06:02,0
﻿2021-07-01 23:06:08,0
﻿2021-07-01 23:06:14,0
﻿2021-07-01 23:06:20,0
﻿2021-07-01 23:06:26,0
﻿2021-07-01 23:06:32,0
﻿2021-07-01 23:06:38,0
﻿2021-07-01 23:06:44,0
﻿2021-07-01 23:06:50,0
﻿2021-07-01 23:06:56,0
﻿2021-07-01 23:07:02,0
﻿2021-07-01 23:07:08,0
﻿2021-07-01 23:07:14,0
﻿2021-07-01 23:07:20,0
﻿2021-07-01 23:07:26,0
﻿2021-07-01 23:07:32,0
﻿2021-07-01 23:07:38,0
﻿2021-07-01 23:07:44,0
﻿2021-07-01 23:07:50,0
﻿2021-07-01 23:07:56,0
﻿2021-07-01 23:08:02,0
﻿2021-07-01 23:08:08,0
﻿2021-07-01 23:08:14,0
﻿2021-07-01 23:08:20,0
﻿2021-07-01 23:08:26,0
﻿2021-07-01 23:08:32,0
﻿2021-07-01 23:08:38,0
﻿2021-07-01 23:08:44,0
﻿2021-07-01 23:08:50,0
﻿2021-07-01 23:08:56,0
﻿2021-07-01 23:09:02,0
﻿2021-07-01 23:09:08,0
﻿2021-07-01 23:09:14,0
﻿2021-07-01 23:09:20,0
﻿2021-07-01 23:09:26,0
﻿2021-07-01 23:09:32,0
﻿2021-07-01 23:09:38,0
﻿2021-07-01 23:09:44,0
﻿2021-07-01 23:09:50,0
﻿2021-07-01 23:09:56,0
﻿2021-07-01 23:10:02,0
﻿2021-07-01 23:10:08,0
﻿2021-07-01 23:10:14,0
﻿2021-07-01 23:10:20,0
﻿2021-07-01 23:10:26,0
﻿2021-07-01 23:10:32,0
﻿2021-07-01 23:10:38,0
﻿2021-07-01 23:10:44,0
﻿2021-07-01 23:10:50,0
﻿2021-07-01 23:10:56,0
﻿2021-07-01 23:11:02,0
﻿2021-07-01 23:11:08,0
﻿2021-07-01 23:11:14,0
﻿2021-07-01 23:11:20,0
﻿2021-07-01 23:11:26,0
﻿2021-07-01 23:11:32,0
﻿2021-07-01 23:11:38,0
﻿2021-07-01 23:11:44,0
﻿2021-07-01 23:11:50,0
﻿2021-07-01 23:11:56,0
﻿2021-07-01 23:12:02,0
﻿2021-07-01 23:12:08,0
﻿2021-07-01 23:12:14,0
﻿2021-07-01 23:12:20,0
﻿2021-07-01 23:12:26,0
﻿2021-07-01 23:12:32,0
﻿2021-07-01 23:12:38,0
﻿2021-07-01 23:12:44,0
﻿2021-07-01 23:12:50,0
﻿2021-07-01 23:12:56,0
﻿2021-07-01 23:13:02,0
﻿2021-07-01 23:13:08,0
﻿2021-07-01 23:13:14,0
﻿2021-07-01 23:13:20,0
﻿2021-07-01 23:13:26,0
﻿2021-07-01 23:13:32,0
﻿2021-07-01 23:13:38,0
﻿2021-07-01 23:13:44,0
﻿2021-07-01 23:13:50,0
﻿2021-07-01 23:13:56,0
﻿2021-07-01 23:14:02,0
﻿2021-07-01 23:14:08,0
﻿2021-07-01 23:14:14,0
﻿2021-07-01 23:14:20,0
﻿2021-07-01 23:14:26,0
﻿2021-07-01 23:14:32,0
﻿2021-07-01 23:14:38,0
﻿2021-07-01 23:14:44,0
﻿2021-07-01 23:14:50,0
﻿2021-07-01 23:14:56,0
﻿2021-07-01 23:15:02,0
﻿2021-07-01 23:15:08,0
﻿2021-07-01 23:15:14,0
﻿2021-07-01 23:15:20,0
﻿2021-07-01 23:15:26,0
﻿2021-07-01 23:15:32,0
﻿2021-07-01 23:15:38,0
﻿2021-07-01 23:15:44,0
﻿2021-07-01 23:15:50,0
﻿2021-07-01 23:15:56,0
﻿2021-07-01 23:16:02,0
﻿2021-07-01 23:16:08,0
﻿2021-07-01 23:16:14,0
﻿2021-07-01 23:16:20,0
﻿2021-07-01 23:16:26,0
﻿2021-07-01 23:16:32,0
﻿2021-07-01 23:16:38,0
﻿2021-07-01 23:16:44,0
﻿2021-07-01 23:16:50,0
﻿2021-07-01 23:16:56,0
﻿2021-07-01 23:17:02,0
﻿2021-07-01 23:17:08,0
﻿2021-07-01 23:17:14,0
﻿2021-07-01 23:17:20,0
﻿2021-07-01 23:17:26,0
﻿2021-07-01 23:17:32,0
﻿2021-07-01 23:17:38,0
﻿2021-07-01 23:17:44,0
﻿2021-07-01 23:17:50,0
﻿2021-07-01 23:17:56,0
﻿2021-07-01 23:18:02,0
﻿2021-07-01 23:18:08,0
﻿2021-07-01 23:18:14,0
﻿2021-07-01 23:18:20,0
﻿2021-07-01 23:18:26,0
﻿2021-07-01 23:18:32,0
﻿2021-07-01 23:18:38,0
﻿2021-07-01 23:18:44,0
﻿2021-07-01 23:18:50,0
﻿2021-07-01 23:18:56,0
﻿2021-07-01 23:19:02,0
﻿2021-07-01 23:19:08,0
﻿2021-07-01 23:19:14,0
﻿2021-07-01 23:19:20,0
﻿2021-07-01 23:19:26,0
﻿2021-07-01 23:19:32,0
﻿2021-07-01 23:19:38,0
﻿2021-07-01 23:19:44,0
﻿2021-07-01 23:19:50,0
﻿2021-07-01 23:19:56,0
﻿2021-07-01 23:20:02,0
﻿2021-07-01 23:20:08,0
﻿2021-07-01 23:20:14,0
﻿2021-07-01 23:20:20,0
﻿2021-07-01 23:20:26,0
﻿2021-07-01 23:20:32,0
﻿2021-07-01 23:20:38,0
﻿2021-07-01 23:20:44,0
﻿2021-07-01 23:20:50,0
﻿2021-07-01 23:20:56,0
﻿2021-07-01 23:21:02,0
﻿2021-07-01 23:21:08,0
﻿2021-07-01 23:21:14,0
﻿2021-07-01 23:21:20,0
﻿2021-07-01 23:21:26,0
﻿2021-07-01 23:21:32,0
﻿2021-07-01 23:21:38,0
﻿2021-07-01 23:21:44,0
﻿2021-07-01 23:21:50,0
﻿2021-07-01 23:21:56,0
﻿2021-07-01 23:22:02,0
﻿2021-07-01 23:22:08,0
﻿2021-07-01 23:22:14,0
﻿2021-07-01 23:22:20,0
﻿2021-07-01 23:22:26,0
﻿2021-07-01 23:22:32,0
﻿2021-07-01 23:22:38,0
﻿2021-07-01 23:22:44,0
﻿2021-07-01 23:22:51,0
﻿2021-07-01 23:22:57,0
﻿2021-07-01 23:23:03,0
﻿2021-07-01 23:23:09,0
﻿2021-07-01 23:23:15,0
﻿2021-07-01 23:23:21,0
﻿2021-07-01 23:23:27,0
﻿2021-07-01 23:23:33,0
﻿2021-07-01 23:23:39,0
﻿2021-07-01 23:23:45,0
﻿2021-07-01 23:23:51,0
﻿2021-07-01 23:23:57,0
﻿2021-07-01 23:24:03,0
﻿2021-07-01 23:24:09,0
﻿2021-07-01 23:24:15,0
﻿2021-07-01 23:24:21,0
﻿2021-07-01 23:24:27,0
﻿2021-07-01 23:24:33,0
﻿2021-07-01 23:24:39,0
﻿2021-07-01 23:24:45,0
﻿2021-07-01 23:24:51,0
﻿2021-07-01 23:24:57,0
﻿2021-07-01 23:25:03,0
﻿2021-07-01 23:25:09,0
﻿2021-07-01 23:25:15,0
﻿2021-07-01 23:25:21,0
﻿2021-07-01 23:25:27,0
﻿2021-07-01 23:25:33,0
﻿2021-07-01 23:25:39,0
﻿2021-07-01 23:25:45,0
﻿2021-07-01 23:25:51,0
﻿2021-07-01 23:25:57,0
﻿2021-07-01 23:26:03,0
﻿2021-07-01 23:26:09,0
﻿2021-07-01 23:26:15,0
﻿2021-07-01 23:26:21,0
﻿2021-07-01 23:26:27,0
﻿2021-07-01 23:26:33,0
﻿2021-07-01 23:26:39,0
﻿2021-07-01 23:26:45,0
﻿2021-07-01 23:26:51,0
﻿2021-07-01 23:26:57,0
﻿2021-07-01 23:27:03,0
﻿2021-07-01 23:27:09,0
﻿2021-07-01 23:27:15,0
﻿2021-07-01 23:27:21,0
﻿2021-07-01 23:27:27,0
﻿2021-07-01 23:27:33,0
﻿2021-07-01 23:27:39,0
﻿2021-07-01 23:27:45,0
﻿2021-07-01 23:27:51,0
﻿2021-07-01 23:27:57,0
﻿2021-07-01 23:28:03,0
﻿2021-07-01 23:28:09,0
﻿2021-07-01 23:28:15,0
﻿2021-07-01 23:28:21,0
﻿2021-07-01 23:28:27,0
﻿2021-07-01 23:28:33,0
﻿2021-07-01 23:28:39,0
﻿2021-07-01 23:28:45,0
﻿2021-07-01 23:28:51,0
﻿2021-07-01 23:28:57,0
﻿2021-07-01 23:29:03,0
﻿2021-07-01 23:29:09,0
﻿2021-07-01 23:29:15,0
﻿2021-07-01 23:29:21,0
﻿2021-07-01 23:29:27,0
﻿2021-07-01 23:29:33,0
﻿2021-07-01 23:29:39,0
﻿2021-07-01 23:29:45,0
﻿2021-07-01 23:29:51,0
﻿2021-07-01 23:29:57,0
﻿2021-07-01 23:30:03,0
﻿2021-07-01 23:30:09,0
﻿2021-07-01 23:30:15,0
﻿2021-07-01 23:30:21,0
﻿2021-07-01 23:30:27,0
﻿2021-07-01 23:30:33,0
﻿2021-07-01 23:30:39,0
﻿2021-07-01 23:30:45,0
﻿2021-07-01 23:30:51,0
﻿2021-07-01 23:30:57,0
﻿2021-07-01 23:31:03,0
﻿2021-07-01 23:31:09,0
﻿2021-07-01 23:31:15,0
﻿2021-07-01 23:31:21,0
﻿2021-07-01 23:31:27,0
﻿2021-07-01 23:31:33,0
﻿2021-07-01 23:31:39,0
﻿2021-07-01 23:31:45,0
﻿2021-07-01 23:31:51,0
﻿2021-07-01 23:31:57,0
﻿2021-07-01 23:32:03,0
﻿2021-07-01 23:32:09,0
﻿2021-07-01 23:32:15,0
﻿2021-07-01 23:32:21,0
﻿2021-07-01 23:32:27,0
﻿2021-07-01 23:32:33,0
﻿2021-07-01 23:32:39,0
﻿2021-07-01 23:32:45,0
﻿2021-07-01 23:32:51,0
﻿2021-07-01 23:32:57,0
﻿2021-07-01 23:33:03,0
﻿2021-07-01 23:33:09,0
﻿2021-07-01 23:33:15,0
﻿2021-07-01 23:33:21,0
﻿2021-07-01 23:33:27,0
﻿2021-07-01 23:33:33,0
﻿2021-07-01 23:33:39,0
﻿2021-07-01 23:33:45,0
﻿2021-07-01 23:33:51,0
﻿2021-07-01 23:33:57,0
﻿2021-07-01 23:34:03,0
﻿2021-07-01 23:34:09,0
﻿2021-07-01 23:34:15,0
﻿2021-07-01 23:34:21,0
﻿2021-07-01 23:34:27,0
﻿2021-07-01 23:34:33,0
﻿2021-07-01 23:34:39,0
﻿2021-07-01 23:34:45,0
﻿2021-07-01 23:34:51,0
﻿2021-07-01 23:34:57,0
﻿2021-07-01 23:35:03,0
﻿2021-07-01 23:35:09,0
﻿2021-07-01 23:35:15,0
﻿2021-07-01 23:35:21,0
﻿2021-07-01 23:35:27,0
﻿2021-07-01 23:35:33,0
﻿2021-07-01 23:35:39,0
﻿2021-07-01 23:35:45,0
﻿2021-07-01 23:35:51,0
﻿2021-07-01 23:35:57,0
﻿2021-07-01 23:36:03,0
﻿2021-07-01 23:36:09,0
﻿2021-07-01 23:36:15,0
﻿2021-07-01 23:36:21,0
﻿2021-07-01 23:36:27,0
﻿2021-07-01 23:36:33,0
﻿2021-07-01 23:36:39,0
﻿2021-07-01 23:36:45,0
﻿2021-07-01 23:36:51,0
﻿2021-07-01 23:36:57,0
﻿2021-07-01 23:37:03,0
﻿2021-07-01 23:37:09,0
﻿2021-07-01 23:37:15,0
﻿2021-07-01 23:37:21,0
﻿2021-07-01 23:37:27,0
﻿2021-07-01 23:37:33,0
﻿2021-07-01 23:37:39,0
﻿2021-07-01 23:37:45,0
﻿2021-07-01 23:37:51,0
﻿2021-07-01 23:37:57,0
﻿2021-07-01 23:38:03,0
﻿2021-07-01 23:38:09,0
﻿2021-07-01 23:38:15,0
﻿2021-07-01 23:38:21,0
﻿2021-07-01 23:38:27,0
﻿2021-07-01 23:38:33,0
﻿2021-07-01 23:38:39,0
﻿2021-07-01 23:38:45,0
﻿2021-07-01 23:38:51,0
﻿2021-07-01 23:38:57,0
﻿2021-07-01 23:39:03,0
﻿2021-07-01 23:39:09,0
﻿2021-07-01 23:39:15,0
﻿2021-07-01 23:39:21,0
﻿2021-07-01 23:39:27,0
﻿2021-07-01 23:39:33,0
﻿2021-07-01 23:39:39,0
﻿2021-07-01 23:39:45,0
﻿2021-07-01 23:39:51,0
﻿2021-07-01 23:39:57,0
﻿2021-07-01 23:40:03,0
﻿2021-07-01 23:40:09,0
﻿2021-07-01 23:40:15,0
﻿2021-07-01 23:40:21,0
﻿2021-07-01 23:40:27,0
﻿2021-07-01 23:40:33,0
﻿2021-07-01 23:40:39,0
﻿2021-07-01 23:40:45,0
﻿2021-07-01 23:40:51,0
﻿2021-07-01 23:40:57,0
﻿2021-07-01 23:41:03,0
﻿2021-07-01 23:41:09,0
﻿2021-07-01 23:41:15,0
﻿2021-07-01 23:41:21,0
﻿2021-07-01 23:41:27,0
﻿2021-07-01 23:41:33,0
﻿2021-07-01 23:41:39,0
﻿2021-07-01 23:41:45,0
﻿2021-07-01 23:41:51,0
﻿2021-07-01 23:41:57,0
﻿2021-07-01 23:42:03,0
﻿2021-07-01 23:42:09,0
﻿2021-07-01 23:42:15,0
﻿2021-07-01 23:42:21,0
﻿2021-07-01 23:42:27,0
﻿2021-07-01 23:42:33,0
﻿2021-07-01 23:42:39,0
﻿2021-07-01 23:42:45,0
﻿2021-07-01 23:42:51,0
﻿2021-07-01 23:42:57,0
﻿2021-07-01 23:43:03,0
﻿2021-07-01 23:43:09,0
﻿2021-07-01 23:43:15,0
﻿2021-07-01 23:43:21,0
﻿2021-07-01 23:43:27,0
﻿2021-07-01 23:43:33,0
﻿2021-07-01 23:43:39,0
﻿2021-07-01 23:43:45,0
﻿2021-07-01 23:43:51,0
﻿2021-07-01 23:43:57,0
﻿2021-07-01 23:44:03,0
﻿2021-07-01 23:44:09,0
﻿2021-07-01 23:44:15,0
﻿2021-07-01 23:44:21,0
﻿2021-07-01 23:44:27,0
﻿2021-07-01 23:44:33,0
﻿2021-07-01 23:44:39,0
﻿2021-07-01 23:44:45,0
﻿2021-07-01 23:44:51,0
﻿2021-07-01 23:44:57,0
﻿2021-07-01 23:45:03,0
﻿2021-07-01 23:45:09,0
﻿2021-07-01 23:45:15,0
﻿2021-07-01 23:45:21,0
﻿2021-07-01 23:45:27,0
﻿2021-07-01 23:45:33,0
﻿2021-07-01 23:45:39,0
﻿2021-07-01 23:45:45,0
﻿2021-07-01 23:45:51,0
﻿2021-07-01 23:45:57,0
﻿2021-07-01 23:46:03,0
﻿2021-07-01 23:46:09,0
﻿2021-07-01 23:46:15,0
﻿2021-07-01 23:46:21,0
﻿2021-07-01 23:46:27,0
﻿2021-07-01 23:46:33,0
﻿2021-07-01 23:46:40,0
﻿2021-07-01 23:46:46,0
﻿2021-07-01 23:46:52,0
﻿2021-07-01 23:46:58,0
﻿2021-07-01 23:47:04,0
﻿2021-07-01 23:47:10,0
﻿2021-07-01 23:47:16,0
﻿2021-07-01 23:47:22,0
﻿2021-07-01 23:47:28,0
﻿2021-07-01 23:47:34,0
﻿2021-07-01 23:47:40,0
﻿2021-07-01 23:47:46,0
﻿2021-07-01 23:47:52,0
﻿2021-07-01 23:47:58,0
﻿2021-07-01 23:48:04,0
﻿2021-07-01 23:48:10,0
﻿2021-07-01 23:48:16,0
﻿2021-07-01 23:48:22,0
﻿2021-07-01 23:48:28,0
﻿2021-07-01 23:48:34,0
﻿2021-07-01 23:48:40,0
﻿2021-07-01 23:48:46,0
﻿2021-07-01 23:48:52,0
﻿2021-07-01 23:48:58,0
﻿2021-07-01 23:49:04,0
﻿2021-07-01 23:49:10,0
﻿2021-07-01 23:49:16,0
﻿2021-07-01 23:49:22,0
﻿2021-07-01 23:49:28,0
﻿2021-07-01 23:49:34,0
﻿2021-07-01 23:49:40,0
﻿2021-07-01 23:49:46,0
﻿2021-07-01 23:49:52,0
﻿2021-07-01 23:49:58,0
﻿2021-07-01 23:50:04,0
﻿2021-07-01 23:50:10,0
﻿2021-07-01 23:50:16,0
﻿2021-07-01 23:50:22,0
﻿2021-07-01 23:50:28,0
﻿2021-07-01 23:50:34,0
﻿2021-07-01 23:50:40,0
﻿2021-07-01 23:50:46,0
﻿2021-07-01 23:50:52,0
﻿2021-07-01 23:50:58,0
﻿2021-07-01 23:51:04,0
﻿2021-07-01 23:51:10,0
﻿2021-07-01 23:51:16,0
﻿2021-07-01 23:51:22,0
﻿2021-07-01 23:51:28,0
﻿2021-07-01 23:51:34,0
﻿2021-07-01 23:51:40,0
﻿2021-07-01 23:51:46,0
﻿2021-07-01 23:51:52,0
﻿2021-07-01 23:51:58,0
﻿2021-07-01 23:52:04,0
﻿2021-07-01 23:52:10,0
﻿2021-07-01 23:52:16,0
﻿2021-07-01 23:52:22,0
﻿2021-07-01 23:52:28,0
﻿2021-07-01 23:52:34,0
﻿2021-07-01 23:52:40,0
﻿2021-07-01 23:52:46,0
﻿2021-07-01 23:52:52,0
﻿2021-07-01 23:52:58,0
﻿2021-07-01 23:53:04,0
﻿2021-07-01 23:53:10,0
﻿2021-07-01 23:53:16,0
﻿2021-07-01 23:53:22,0
﻿2021-07-01 23:53:28,0
﻿2021-07-01 23:53:34,0
﻿2021-07-01 23:53:40,0
﻿2021-07-01 23:53:46,0
﻿2021-07-01 23:53:52,0
﻿2021-07-01 23:53:58,0
﻿2021-07-01 23:54:04,0
﻿2021-07-01 23:54:10,0
﻿2021-07-01 23:54:16,0
﻿2021-07-01 23:54:22,0
﻿2021-07-01 23:54:28,0
﻿2021-07-01 23:54:34,0
﻿2021-07-01 23:54:40,0
﻿2021-07-01 23:54:46,0
﻿2021-07-01 23:54:52,0
﻿2021-07-01 23:54:58,0
﻿2021-07-01 23:55:04,0
﻿2021-07-01 23:55:10,0
﻿2021-07-01 23:55:16,0
﻿2021-07-01 23:55:22,0
﻿2021-07-01 23:55:28,0
﻿2021-07-01 23:55:34,0
﻿2021-07-01 23:55:40,0
﻿2021-07-01 23:55:46,0
﻿2021-07-01 23:55:52,0
﻿2021-07-01 23:55:58,0
﻿2021-07-01 23:56:04,0
﻿2021-07-01 23:56:10,0
﻿2021-07-01 23:56:16,0
﻿2021-07-01 23:56:22,0
﻿2021-07-01 23:56:28,0
﻿2021-07-01 23:56:34,0
﻿2021-07-01 23:56:40,0
﻿2021-07-01 23:56:46,0
﻿2021-07-01 23:56:52,0
﻿2021-07-01 23:56:58,0
﻿2021-07-01 23:57:04,0
﻿2021-07-01 23:57:10,0
﻿2021-07-01 23:57:16,0
﻿2021-07-01 23:57:22,0
﻿2021-07-01 23:57:28,0
﻿2021-07-01 23:57:34,0
﻿2021-07-01 23:57:40,0
﻿2021-07-01 23:57:46,0
﻿2021-07-01 23:57:52,0
﻿2021-07-01 23:57:58,0
﻿2021-07-01 23:58:04,0
﻿2021-07-01 23:58:10,0
﻿2021-07-01 23:58:16,0
﻿2021-07-01 23:58:22,0
﻿2021-07-01 23:58:28,0
﻿2021-07-01 23:58:34,0
﻿2021-07-01 23:58:40,0
﻿2021-07-01 23:58:46,0
﻿2021-07-01 23:58:52,0
﻿2021-07-01 23:58:58,0
﻿2021-07-01 23:59:04,0
﻿2021-07-01 23:59:10,0
﻿2021-07-01 23:59:16,0
﻿2021-07-01 23:59:22,0
﻿2021-07-01 23:59:28,0
﻿2021-07-01 23:59:34,0
﻿2021-07-01 23:59:40,0
﻿2021-07-01 23:59:46,0
﻿2021-07-01 23:59:52,0
﻿2021-07-01 23:59:58,0
